-- --------------------------------------------------------
-- Host:                         181.129.103.141
-- Versión del servidor:         5.7.27-0ubuntu0.18.04.1 - (Ubuntu)
-- SO del servidor:              Linux
-- HeidiSQL Versión:             10.2.0.5599
-- --------------------------------------------------------

/*!40101 SET @OLD_CHARACTER_SET_CLIENT=@@CHARACTER_SET_CLIENT */;
/*!40101 SET NAMES utf8 */;
/*!50503 SET NAMES utf8mb4 */;
/*!40014 SET @OLD_FOREIGN_KEY_CHECKS=@@FOREIGN_KEY_CHECKS, FOREIGN_KEY_CHECKS=0 */;
/*!40101 SET @OLD_SQL_MODE=@@SQL_MODE, SQL_MODE='NO_AUTO_VALUE_ON_ZERO' */;


-- Volcando estructura de base de datos para admin_cms
CREATE DATABASE IF NOT EXISTS `admin_cms` /*!40100 DEFAULT CHARACTER SET utf8mb4 */;
USE `admin_cms`;

-- Volcando estructura para tabla admin_cms.conversations
CREATE TABLE IF NOT EXISTS `conversations` (
  `id` int(11) NOT NULL AUTO_INCREMENT,
  `status` int(1) DEFAULT '0',
  `created` datetime DEFAULT CURRENT_TIMESTAMP,
  `updated` datetime DEFAULT CURRENT_TIMESTAMP ON UPDATE CURRENT_TIMESTAMP,
  `user` int(11) DEFAULT NULL,
  PRIMARY KEY (`id`),
  KEY `id` (`id`),
  KEY `FK_conversations_conversations_status` (`status`),
  CONSTRAINT `FK_conversations_conversations_status` FOREIGN KEY (`status`) REFERENCES `conversations_status` (`id`) ON UPDATE CASCADE
) ENGINE=InnoDB DEFAULT CHARSET=utf8;

-- Volcando datos para la tabla admin_cms.conversations: ~0 rows (aproximadamente)
DELETE FROM `conversations`;
/*!40000 ALTER TABLE `conversations` DISABLE KEYS */;
/*!40000 ALTER TABLE `conversations` ENABLE KEYS */;

-- Volcando estructura para tabla admin_cms.conversations_groups
CREATE TABLE IF NOT EXISTS `conversations_groups` (
  `id` int(11) NOT NULL AUTO_INCREMENT,
  `conversation` int(11) NOT NULL,
  `user` int(11) NOT NULL,
  PRIMARY KEY (`id`),
  KEY `id` (`id`),
  KEY `FK_conversations_groups_conversations` (`conversation`),
  KEY `FK_conversations_groups_users_login` (`user`),
  CONSTRAINT `FK_conversations_groups_conversations` FOREIGN KEY (`conversation`) REFERENCES `conversations` (`id`) ON DELETE CASCADE ON UPDATE CASCADE,
  CONSTRAINT `FK_conversations_groups_users_login` FOREIGN KEY (`user`) REFERENCES `users` (`id`) ON DELETE CASCADE ON UPDATE CASCADE
) ENGINE=InnoDB DEFAULT CHARSET=utf8;

-- Volcando datos para la tabla admin_cms.conversations_groups: ~0 rows (aproximadamente)
DELETE FROM `conversations_groups`;
/*!40000 ALTER TABLE `conversations_groups` DISABLE KEYS */;
/*!40000 ALTER TABLE `conversations_groups` ENABLE KEYS */;

-- Volcando estructura para tabla admin_cms.conversations_replys
CREATE TABLE IF NOT EXISTS `conversations_replys` (
  `id` int(11) NOT NULL AUTO_INCREMENT,
  `reply` json NOT NULL,
  `conversation` int(11) NOT NULL,
  `status` int(11) DEFAULT '0',
  `user` int(11) DEFAULT '0',
  `created` datetime DEFAULT CURRENT_TIMESTAMP,
  PRIMARY KEY (`id`),
  KEY `id` (`id`),
  KEY `FK_conversations_replys_users_login` (`user`),
  KEY `FK_conversations_replys_conversations` (`conversation`),
  CONSTRAINT `FK_conversations_replys_conversations` FOREIGN KEY (`conversation`) REFERENCES `conversations` (`id`) ON DELETE CASCADE ON UPDATE CASCADE,
  CONSTRAINT `FK_conversations_replys_users_login` FOREIGN KEY (`user`) REFERENCES `users` (`id`) ON DELETE CASCADE ON UPDATE CASCADE
) ENGINE=InnoDB DEFAULT CHARSET=utf8;

-- Volcando datos para la tabla admin_cms.conversations_replys: ~0 rows (aproximadamente)
DELETE FROM `conversations_replys`;
/*!40000 ALTER TABLE `conversations_replys` DISABLE KEYS */;
/*!40000 ALTER TABLE `conversations_replys` ENABLE KEYS */;

-- Volcando estructura para tabla admin_cms.conversations_status
CREATE TABLE IF NOT EXISTS `conversations_status` (
  `id` int(11) NOT NULL,
  `name` varchar(50) DEFAULT NULL,
  PRIMARY KEY (`id`),
  KEY `id` (`id`)
) ENGINE=InnoDB DEFAULT CHARSET=utf8;

-- Volcando datos para la tabla admin_cms.conversations_status: ~5 rows (aproximadamente)
DELETE FROM `conversations_status`;
/*!40000 ALTER TABLE `conversations_status` DISABLE KEYS */;
INSERT INTO `conversations_status` (`id`, `name`) VALUES
	(0, 'Conversación creada por el cliente'),
	(1, 'Conversación actualizada por el cliente'),
	(2, 'Conversación terminada por el cliente'),
	(3, 'Mensaje Contestado'),
	(5, 'Mensaje automatico del sistema');
/*!40000 ALTER TABLE `conversations_status` ENABLE KEYS */;

-- Volcando estructura para tabla admin_cms.garden_comun_names
CREATE TABLE IF NOT EXISTS `garden_comun_names` (
  `id` int(11) NOT NULL AUTO_INCREMENT,
  `garden` int(11) NOT NULL,
  `name` varchar(50) NOT NULL,
  PRIMARY KEY (`id`),
  KEY `id` (`id`),
  KEY `FK_garden_comun_names_garden` (`garden`),
  CONSTRAINT `FK_garden_comun_names_garden` FOREIGN KEY (`garden`) REFERENCES `nodes` (`id`) ON DELETE CASCADE ON UPDATE CASCADE
) ENGINE=InnoDB DEFAULT CHARSET=utf8;

-- Volcando datos para la tabla admin_cms.garden_comun_names: ~0 rows (aproximadamente)
DELETE FROM `garden_comun_names`;
/*!40000 ALTER TABLE `garden_comun_names` DISABLE KEYS */;
/*!40000 ALTER TABLE `garden_comun_names` ENABLE KEYS */;

-- Volcando estructura para tabla admin_cms.garden_fields
CREATE TABLE IF NOT EXISTS `garden_fields` (
  `id` int(11) NOT NULL AUTO_INCREMENT,
  `name` varchar(50) NOT NULL,
  `type` varchar(50) NOT NULL DEFAULT 'text',
  PRIMARY KEY (`id`),
  KEY `id` (`id`)
) ENGINE=InnoDB AUTO_INCREMENT=37 DEFAULT CHARSET=utf8;

-- Volcando datos para la tabla admin_cms.garden_fields: ~36 rows (aproximadamente)
DELETE FROM `garden_fields`;
/*!40000 ALTER TABLE `garden_fields` DISABLE KEYS */;
INSERT INTO `garden_fields` (`id`, `name`, `type`) VALUES
	(1, 'Hábito Vegetal', 'text'),
	(2, 'Color de la flor', 'color'),
	(3, 'Ciclo vital', 'text'),
	(4, 'Requisitos de sol', 'text'),
	(5, 'Preferencias de agua', 'text'),
	(6, 'Preferencias de pH del suelo', 'text'),
	(7, 'Resistencia al frío mínima', 'text'),
	(8, 'Zona máxima recomendada', 'text'),
	(9, 'Altura de planta', 'text'),
	(10, 'Propagación de plantas', 'text'),
	(11, 'Hojas', 'text'),
	(12, 'Fruta', 'text'),
	(13, 'Tiempo de fructificación', 'text'),
	(14, 'Flores', 'text'),
	(15, 'Tamaño de la floración', 'text'),
	(16, 'Tiempo de la flor', 'text'),
	(17, 'Altura de inflorescencia', 'text'),
	(18, 'Altura del montículo de follaje', 'text'),
	(19, 'Estructuras subterráneas', 'text'),
	(20, 'Ubicaciones adecuadas', 'text'),
	(21, 'Usos', 'text'),
	(22, 'Partes comestibles', 'text'),
	(23, 'Métodos de alimentación', 'text'),
	(24, 'Acumulador dinámico', 'text'),
	(25, 'Atrayente de vida salvaje', 'text'),
	(26, 'Resistencias', 'text'),
	(27, 'Toxicidad', 'text'),
	(28, 'Propagación: semillas', 'text'),
	(29, 'Propagación: otros métodos', 'text'),
	(30, 'Polinizadores', 'text'),
	(31, 'Contenedores', 'text'),
	(32, 'Diverso', 'text'),
	(33, 'Premios y reconocimientos', 'text'),
	(34, 'Estado de conservación', 'text'),
	(35, 'Familia', 'text'),
	(36, 'Plantas infantiles', 'text');
/*!40000 ALTER TABLE `garden_fields` ENABLE KEYS */;

-- Volcando estructura para tabla admin_cms.garden_items
CREATE TABLE IF NOT EXISTS `garden_items` (
  `id` int(11) NOT NULL AUTO_INCREMENT,
  `garden` int(11) NOT NULL,
  `field` int(11) NOT NULL,
  `value` mediumtext NOT NULL,
  PRIMARY KEY (`id`),
  KEY `id` (`id`),
  KEY `FK_garden_items_garden_fields` (`field`),
  KEY `FK_garden_items_garden` (`garden`),
  CONSTRAINT `FK_garden_items_garden` FOREIGN KEY (`garden`) REFERENCES `nodes` (`id`) ON DELETE CASCADE ON UPDATE CASCADE,
  CONSTRAINT `FK_garden_items_garden_fields` FOREIGN KEY (`field`) REFERENCES `garden_fields` (`id`) ON DELETE CASCADE ON UPDATE CASCADE
) ENGINE=InnoDB AUTO_INCREMENT=291 DEFAULT CHARSET=utf8;

-- Volcando datos para la tabla admin_cms.garden_items: ~289 rows (aproximadamente)
DELETE FROM `garden_items`;
/*!40000 ALTER TABLE `garden_items` DISABLE KEYS */;
INSERT INTO `garden_items` (`id`, `garden`, `field`, `value`) VALUES
	(1, 1, 1, 'Hierba / Forb'),
	(2, 1, 1, 'Arbusto'),
	(3, 1, 1, 'Árbol'),
	(4, 1, 1, 'Cactus / Suculenta'),
	(5, 1, 1, 'Hierba / como hierba'),
	(6, 1, 1, 'Helecho'),
	(7, 1, 1, 'Vid'),
	(8, 1, 3, 'Anual'),
	(9, 1, 3, 'Bienal'),
	(10, 1, 3, 'Perenne'),
	(11, 1, 3, 'Otro'),
	(12, 1, 4, 'Pleno sol'),
	(13, 1, 4, 'Pleno sol y sombra parcial'),
	(14, 1, 4, 'Sombra parcial o moteada'),
	(15, 1, 4, 'Sombra parcial a sombra completa'),
	(16, 1, 4, 'Sombra completa'),
	(17, 1, 5, 'En agua'),
	(18, 1, 5, 'Mojado'),
	(19, 1, 5, 'Mesica mojado'),
	(20, 1, 5, 'Mesica'),
	(21, 1, 5, 'Mesica seca'),
	(22, 1, 5, 'Seco'),
	(23, 1, 6, 'Extremadamente ácido (3.5 - 4.4)'),
	(24, 1, 6, 'Muy fuertemente ácido (4.5 - 5.0)'),
	(25, 1, 6, 'Fuertemente ácido (5.1 - 5.5)'),
	(26, 1, 6, 'Moderadamente ácido (5.6 - 6.0)'),
	(27, 1, 6, 'Ligeramente ácido (6.1 - 6.5)'),
	(28, 1, 6, 'Neutro (6.6 - 7.3)'),
	(29, 1, 6, 'Ligeramente alcalino (7.4 - 7.8)'),
	(30, 1, 6, 'Moderadamente alcalino (7.9 - 8.4)'),
	(31, 1, 6, 'Fuertemente alcalino (8.5 - 9.0)'),
	(32, 1, 7, 'Zona 2 -45.6 ° C (-50 ° F) a -42.8 ° C (-45 ° F)'),
	(33, 1, 7, 'Zona 3 -40 ° C (-40 ° F) a -37.2 ° C (-35)'),
	(34, 1, 7, 'Zona 4a -34.4 ° C (-30 ° F) a -31.7 ° C (-25 ° F)'),
	(35, 1, 7, 'Zona 4b -31.7 ° C (-25 ° F) a -28.9 ° C (-20 ° F)'),
	(36, 1, 7, 'Zona 5a -28.9 ° C (-20 ° F) a -26.1 ° C (-15 ° F)'),
	(37, 1, 7, 'Zona 5b -26.1 ° C (-15 ° F) a -23.3 ° C (-10 ° F)'),
	(38, 1, 7, 'Zona 6a -23.3 ° C (-10 ° F) a -20.6 ° C (-5 ° F)'),
	(39, 1, 7, 'Zona 6b -20.6 ° C (-5 ° F) a -17.8 ° C (0 ° F)'),
	(40, 1, 7, 'Zona 7a -17.8 ° C (0 ° F) a -15 ° C (5 ° F)'),
	(41, 1, 7, 'Zona 7b -15 ° C (5 ° F) a -12.2 ° C (10 ° F)'),
	(42, 1, 7, 'Zona 8a -12.2 ° C (10 ° F) a -9.4 ° C (15 ° F)'),
	(43, 1, 7, 'Zona 8b -9.4 ° C (15 ° F) a -6.7 ° C (20 ° F)'),
	(44, 1, 7, 'Zona 9a -6.7 ° C (20 ° F) a -3.9 ° C (25 ° F)'),
	(45, 1, 7, 'Zona 9b -3.9 ° C (25 ° F) a -1.1 ° C (30 ° F)'),
	(46, 1, 7, 'Zona 10a -1.1 ° C (30 ° F) a +1.7 ° C (35 ° F)'),
	(47, 1, 7, 'Zona 10b +1.7 ° C (35 ° F) a +4.4 ° C (40 ° F)'),
	(48, 1, 7, 'Zona 11 +4.4 ° C (40 ° F) a +7.2 ° C (50 ° F)'),
	(49, 1, 7, 'Zona 12 +10 ° C (50 ° F) a +15.6 ° C (60 ° F)'),
	(50, 1, 7, 'Zona 13 +15.6 ° C (60 ° F) a +21.1 ° C (70 ° F)'),
	(51, 1, 11, 'Buen color de otoño'),
	(52, 1, 11, 'Glauco'),
	(53, 1, 11, 'Color de follaje inusual'),
	(55, 1, 11, 'Semiperenne'),
	(56, 1, 11, 'Caduco'),
	(57, 1, 11, 'Fragante'),
	(58, 1, 11, 'Maloliente'),
	(59, 1, 11, 'Jaspeado'),
	(60, 1, 11, 'Primavera efímera'),
	(61, 1, 11, 'Agujas'),
	(62, 1, 11, 'Hoja ancha'),
	(63, 1, 11, 'Otro'),
	(64, 1, 12, 'Llamativo'),
	(65, 1, 12, 'Comestible para pájaros'),
	(66, 1, 12, 'Dehiscente'),
	(67, 1, 12, 'Indehiscente'),
	(68, 1, 12, 'Los estallidos se abren explosivamente cuando maduran'),
	(69, 1, 12, 'Otro'),
	(70, 1, 13, 'Finales de invierno o principios de primavera'),
	(71, 1, 13, 'Primavera'),
	(72, 1, 13, 'Finales de primavera o principios de verano'),
	(73, 1, 13, 'Verano'),
	(74, 1, 13, 'Finales de verano o principios de otoño'),
	(75, 1, 13, 'Otoño'),
	(76, 1, 13, 'Finales de otoño o principios de invierno'),
	(77, 1, 13, 'Invierno'),
	(78, 1, 13, 'Todo el año'),
	(79, 1, 13, 'Otro'),
	(80, 1, 14, 'Llamativo'),
	(81, 1, 14, 'Discreto'),
	(82, 1, 14, 'Fragante'),
	(83, 1, 14, 'Maloliente'),
	(84, 1, 14, 'Nocturno'),
	(85, 1, 14, 'Florece en madera vieja'),
	(86, 1, 14, 'Florece en madera nueva'),
	(87, 1, 14, 'Otro'),
	(88, 1, 2, '#804000'),
	(89, 1, 2, '#008000'),
	(90, 1, 2, '#0000ff'),
	(91, 1, 2, '#b57edc'),
	(92, 1, 2, '#e0b0ff'),
	(93, 1, 2, '#ff8000'),
	(94, 1, 2, '#ff0080'),
	(95, 1, 2, '#660099'),
	(96, 1, 2, '#f80000'),
	(97, 1, 2, '#c81d11'),
	(98, 1, 2, '#ffffff'),
	(99, 1, 2, '#f8f32b'),
	(100, 1, 2, '#c0c0c0'),
	(101, 1, 2, '#808080'),
	(102, 1, 2, '#808000'),
	(103, 1, 2, '#00ff00'),
	(104, 1, 2, '#00ffff'),
	(105, 1, 2, '#008080'),
	(106, 1, 15, 'Menos de 1 "'),
	(107, 1, 15, '1 "-2"'),
	(108, 1, 15, '2 "-3"'),
	(109, 1, 15, '3 "-4"'),
	(110, 1, 15, '4 "-5"'),
	(111, 1, 15, '5 "-6"'),
	(112, 1, 15, '6 "-12"'),
	(113, 1, 15, 'Más de 12"'),
	(114, 1, 16, 'Finales de invierno o principios de primavera'),
	(115, 1, 16, 'Primavera'),
	(116, 1, 16, 'Finales de primavera o principios de verano'),
	(117, 1, 16, 'Verano'),
	(118, 1, 16, 'Finales de verano o principios de otoño'),
	(119, 1, 16, 'Otoño'),
	(120, 1, 16, 'Finales de otoño o principios de invierno'),
	(121, 1, 16, 'Invierno'),
	(122, 1, 16, 'Todo el año'),
	(123, 1, 16, 'Otro'),
	(124, 1, 19, 'Rizoma'),
	(125, 1, 19, 'Raíz principal'),
	(126, 1, 19, 'Cormo'),
	(127, 1, 19, 'Bulbo'),
	(128, 1, 19, 'Tubérculo'),
	(129, 1, 19, 'Caudex'),
	(130, 1, 20, 'Frente a la playa'),
	(131, 1, 20, 'Árbol de la calle'),
	(132, 1, 20, 'Patio / Ornamental / Árbol pequeño'),
	(133, 1, 20, 'Xeriscapic'),
	(134, 1, 20, 'Planta de casa'),
	(135, 1, 20, 'Terrarios'),
	(136, 1, 20, 'Pantano jardinería'),
	(137, 1, 20, 'Jardinería Alpina'),
	(138, 1, 20, 'Espaldera'),
	(139, 1, 20, 'Poda artística'),
	(140, 1, 21, 'Cortavientos o cobertura'),
	(141, 1, 21, 'Producción de tinte'),
	(142, 1, 21, 'Proporciona interés en invierno.'),
	(143, 1, 21, 'Control de la erosión'),
	(144, 1, 21, 'Planta guardiana'),
	(145, 1, 21, 'Cobertura del suelo'),
	(146, 1, 21, 'Árbol de sombra'),
	(147, 1, 21, 'Árbol floreciente'),
	(148, 1, 21, 'Jardines de agua'),
	(149, 1, 21, 'Hierba culinaria'),
	(150, 1, 21, 'Hierba medicinal'),
	(151, 1, 21, 'Vegetal'),
	(152, 1, 21, 'Ensaladas verdes'),
	(153, 1, 21, 'Verduras cocidas'),
	(154, 1, 21, 'Flor cortada'),
	(155, 1, 21, 'Flor seca'),
	(156, 1, 21, 'Se naturalizará'),
	(157, 1, 21, 'Bueno como cultivo de cobertura'),
	(158, 1, 21, 'Adecuado como anual'),
	(159, 1, 21, 'Apto para forraje'),
	(160, 1, 21, ' Útil para la producción de madera.'),
	(161, 1, 21, 'Adecuado para jardines en miniatura.'),
	(162, 1, 22, 'Ladrar'),
	(163, 1, 22, 'Vástago'),
	(164, 1, 22, 'Hojas'),
	(165, 1, 22, 'Raíces'),
	(166, 1, 22, 'Semillas o nueces'),
	(167, 1, 22, 'Savia'),
	(168, 1, 22, 'Fruta'),
	(169, 1, 22, 'Flores'),
	(170, 1, 23, 'Té'),
	(171, 1, 23, 'Hierba / especias culinarias'),
	(172, 1, 23, 'Crudo'),
	(173, 1, 23, 'Cocido'),
	(174, 1, 23, 'Fermentado'),
	(175, 1, 24, 'Fijador de nitrógeno'),
	(176, 1, 24, 'P (fósforo)'),
	(177, 1, 24, 'K (potasio)'),
	(178, 1, 24, 'Ca (calcio)'),
	(179, 1, 24, 'Mg (magnesio)'),
	(180, 1, 24, 'S (azufre)'),
	(181, 1, 24, 'Fe (hierro)'),
	(182, 1, 24, 'B (boro)'),
	(183, 1, 24, 'Mn (manganeso)'),
	(184, 1, 24, 'Zn (zinc)'),
	(185, 1, 24, 'Cu (cobre)'),
	(186, 1, 24, 'Mo (molibdeno)'),
	(187, 1, 24, 'Si (silicio)'),
	(188, 1, 24, 'Co (cobalto)'),
	(189, 1, 24, 'Na (sodio)'),
	(190, 1, 24, 'Yo (yodo)'),
	(191, 1, 25, 'Abejas'),
	(192, 1, 25, 'Aves'),
	(193, 1, 25, 'Mariposas'),
	(194, 1, 25, 'Colibríes'),
	(195, 1, 25, 'Otros insectos beneficiosos'),
	(196, 1, 26, 'Moho Polvoriento'),
	(197, 1, 26, 'Aves'),
	(198, 1, 26, 'Ciervo Resistente'),
	(199, 1, 26, 'Ardilla de tierra / topillos'),
	(200, 1, 26, 'Conejo resistente'),
	(201, 1, 26, 'Ardillas'),
	(202, 1, 26, 'Contaminación'),
	(203, 1, 26, 'Resistente al fuego'),
	(204, 1, 26, 'Resistente a las inundaciones'),
	(205, 1, 26, 'Tolera la sombra seca'),
	(206, 1, 26, 'Tolera el tránsito peatonal'),
	(207, 1, 26, 'Tolerante a la humedad'),
	(208, 1, 26, 'Tolerante a la sequía'),
	(209, 1, 26, 'Tolerante a la sal'),
	(210, 1, 27, 'Las hojas son venenosas'),
	(211, 1, 27, 'Las raíces son venenosas'),
	(212, 1, 27, 'La fruta es venenosa'),
	(213, 1, 27, 'Otro'),
	(214, 1, 28, 'Proporcionar luz'),
	(215, 1, 28, 'Auto fértil'),
	(216, 1, 28, 'Proporcionar oscuridad'),
	(217, 1, 28, 'Estratificar semillas'),
	(218, 1, 28, 'Escarificar semillas'),
	(219, 1, 28, 'Necesita temperatura específica'),
	(220, 1, 28, 'Días para germinar'),
	(221, 1, 28, 'Profundidad para plantar semillas'),
	(222, 1, 28, 'Adecuado para siembra de invierno'),
	(223, 1, 28, 'Sembrar en el lugar'),
	(224, 1, 28, 'Comience adentro'),
	(225, 1, 28, 'Puede manejar el trasplante'),
	(226, 1, 28, 'Las semillas son hidrofílicas'),
	(227, 1, 28, 'No se hará realidad de la semilla'),
	(228, 1, 28, 'Otra información'),
	(229, 1, 29, 'Esquejes: Tallo'),
	(230, 1, 29, 'Esquejes: Punta'),
	(231, 1, 29, 'Esquejes: Caña'),
	(232, 1, 29, 'Esquejes: hoja'),
	(233, 1, 29, 'Esquejes: Raíz'),
	(234, 1, 29, 'Capas'),
	(235, 1, 29, 'División'),
	(236, 1, 29, 'Estolones y corredores'),
	(237, 1, 29, 'Compensaciones'),
	(238, 1, 29, 'Bombillas'),
	(239, 1, 29, 'Cormos'),
	(240, 1, 29, 'Coronas'),
	(241, 1, 29, 'Otro'),
	(242, 1, 30, 'Yo'),
	(243, 1, 30, 'Otro'),
	(244, 1, 30, 'Moscas'),
	(245, 1, 30, 'Avispas'),
	(246, 1, 30, ' Agua'),
	(247, 1, 30, 'Escarabajos'),
	(248, 1, 30, 'Polillas y mariposas'),
	(249, 1, 30, 'Mosquitos'),
	(250, 1, 30, 'Moscas'),
	(251, 1, 30, 'Murciélagos'),
	(252, 1, 30, 'Aves'),
	(253, 1, 30, 'Abejorros'),
	(254, 1, 30, 'Abejas'),
	(255, 1, 30, 'Viento'),
	(256, 1, 30, 'Varios insectos'),
	(257, 1, 30, 'Cleistogamo'),
	(258, 1, 31, 'Apto en 1 galón'),
	(259, 1, 31, 'Adecuado en 3 galones o más'),
	(260, 1, 31, 'Apto para cestas colgantes'),
	(261, 1, 31, 'Necesita trasplante cada 2 o 3 años.'),
	(262, 1, 31, 'Necesita un excelente drenaje en macetas'),
	(263, 1, 31, 'Profundidad preferida'),
	(264, 1, 31, 'Prefiere estar bajo maceta'),
	(265, 1, 31, 'No apto para contenedores.'),
	(266, 1, 32, 'Tolera suelos pobres'),
	(267, 1, 32, 'Con espinas / espinas / espinas / dientes'),
	(268, 1, 32, 'Monoico'),
	(269, 1, 32, 'De dos sexos'),
	(270, 1, 32, 'Patente / Derechos de obtentor'),
	(271, 1, 32, 'Genéticamente modificado'),
	(272, 1, 32, 'Epifita'),
	(273, 1, 32, 'Monocárpica'),
	(274, 1, 32, 'Carnívoro '),
	(275, 1, 32, 'Se queda inactivo'),
	(276, 1, 32, 'En peligro de extinción'),
	(277, 1, 33, 'Texas Superstar®'),
	(278, 1, 33, 'RHS AGM'),
	(279, 1, 33, 'AAS (All-America Selection®)'),
	(280, 1, 33, 'AHGA Hosta del año'),
	(281, 1, 33, 'Otro'),
	(282, 1, 34, 'Menor preocupación (LC)'),
	(283, 1, 34, 'Casi amenazado (NT)'),
	(284, 1, 34, 'Vulnerable (VU)'),
	(285, 1, 34, 'En peligro de extinción (EN)'),
	(286, 1, 34, 'En Peligro Crítico (CR)'),
	(287, 1, 34, 'Extinta en la naturaleza (EW)'),
	(288, 1, 34, 'Extinto (EX)'),
	(289, 1, 36, 'Si'),
	(290, 1, 36, 'No');
/*!40000 ALTER TABLE `garden_items` ENABLE KEYS */;

-- Volcando estructura para tabla admin_cms.geo_citys
CREATE TABLE IF NOT EXISTS `geo_citys` (
  `id` int(11) NOT NULL AUTO_INCREMENT,
  `name` varchar(255) NOT NULL DEFAULT '',
  `department` int(2) NOT NULL,
  PRIMARY KEY (`id`),
  KEY `departamento_id` (`department`),
  KEY `id` (`id`),
  CONSTRAINT `FK_geo_citys_geo_departments` FOREIGN KEY (`department`) REFERENCES `geo_departments` (`id`) ON DELETE CASCADE ON UPDATE CASCADE
) ENGINE=InnoDB AUTO_INCREMENT=1101 DEFAULT CHARSET=utf8 ROW_FORMAT=DYNAMIC;

-- Volcando datos para la tabla admin_cms.geo_citys: ~1.100 rows (aproximadamente)
DELETE FROM `geo_citys`;
/*!40000 ALTER TABLE `geo_citys` DISABLE KEYS */;
INSERT INTO `geo_citys` (`id`, `name`, `department`) VALUES
	(1, 'Abriaquí', 2),
	(2, 'Acacías', 21),
	(3, 'Acandí', 13),
	(4, 'Acevedo', 18),
	(5, 'Achí', 6),
	(6, 'Agrado', 18),
	(7, 'Agua de Dios', 15),
	(8, 'Aguachica', 12),
	(9, 'Aguada', 28),
	(10, 'Aguadas', 8),
	(11, 'Aguazul', 10),
	(12, 'Agustín Codazzi', 12),
	(13, 'Aipe', 18),
	(14, 'Albania', 9),
	(15, 'Albania', 19),
	(16, 'Albania', 28),
	(17, 'Albán', 15),
	(18, 'Albán (San José)', 22),
	(19, 'Alcalá', 31),
	(20, 'Alejandria', 2),
	(21, 'Algarrobo', 20),
	(22, 'Algeciras', 18),
	(23, 'Almaguer', 11),
	(24, 'Almeida', 7),
	(25, 'Alpujarra', 30),
	(26, 'Altamira', 18),
	(27, 'Alto Baudó (Pie de Pato)', 13),
	(28, 'Altos del Rosario', 6),
	(29, 'Alvarado', 30),
	(30, 'Amagá', 2),
	(31, 'Amalfi', 2),
	(32, 'Ambalema', 30),
	(33, 'Anapoima', 15),
	(34, 'Ancuya', 22),
	(35, 'Andalucía', 31),
	(36, 'Andes', 2),
	(37, 'Angelópolis', 2),
	(38, 'Angostura', 2),
	(39, 'Anolaima', 15),
	(40, 'Anorí', 2),
	(41, 'Anserma', 8),
	(42, 'Ansermanuevo', 31),
	(43, 'Anzoátegui', 30),
	(44, 'Anzá', 2),
	(45, 'Apartadó', 2),
	(46, 'Apulo', 15),
	(47, 'Apía', 26),
	(48, 'Aquitania', 7),
	(49, 'Aracataca', 20),
	(50, 'Aranzazu', 8),
	(51, 'Aratoca', 28),
	(52, 'Arauca', 3),
	(53, 'Arauquita', 3),
	(54, 'Arbeláez', 15),
	(55, 'Arboleda (Berruecos)', 22),
	(56, 'Arboledas', 23),
	(57, 'Arboletes', 2),
	(58, 'Arcabuco', 7),
	(59, 'Arenal', 6),
	(60, 'Argelia', 2),
	(61, 'Argelia', 11),
	(62, 'Argelia', 31),
	(63, 'Ariguaní (El Difícil)', 20),
	(64, 'Arjona', 6),
	(65, 'Armenia', 2),
	(66, 'Armenia', 25),
	(67, 'Armero (Guayabal)', 30),
	(68, 'Arroyohondo', 6),
	(69, 'Astrea', 12),
	(70, 'Ataco', 30),
	(71, 'Atrato (Yuto)', 13),
	(72, 'Ayapel', 14),
	(73, 'Bagadó', 13),
	(74, 'Bahía Solano (Mútis)', 13),
	(75, 'Bajo Baudó (Pizarro)', 13),
	(76, 'Balboa', 11),
	(77, 'Balboa', 26),
	(78, 'Baranoa', 4),
	(79, 'Baraya', 18),
	(80, 'Barbacoas', 22),
	(81, 'Barbosa', 2),
	(82, 'Barbosa', 28),
	(83, 'Barichara', 28),
	(84, 'Barranca de Upía', 21),
	(85, 'Barrancabermeja', 28),
	(86, 'Barrancas', 19),
	(87, 'Barranco de Loba', 6),
	(88, 'Barranquilla', 4),
	(89, 'Becerríl', 12),
	(90, 'Belalcázar', 8),
	(91, 'Bello', 2),
	(92, 'Belmira', 2),
	(93, 'Beltrán', 15),
	(94, 'Belén', 7),
	(95, 'Belén', 22),
	(96, 'Belén de Bajirá', 13),
	(97, 'Belén de Umbría', 26),
	(98, 'Belén de los Andaquíes', 9),
	(99, 'Berbeo', 7),
	(100, 'Betania', 2),
	(101, 'Beteitiva', 7),
	(102, 'Betulia', 2),
	(103, 'Betulia', 28),
	(104, 'Bituima', 15),
	(105, 'Boavita', 7),
	(106, 'Bochalema', 23),
	(107, 'Bogotá D.C.', 5),
	(108, 'Bojacá', 15),
	(109, 'Bojayá (Bellavista)', 13),
	(110, 'Bolívar', 2),
	(111, 'Bolívar', 11),
	(112, 'Bolívar', 28),
	(113, 'Bolívar', 31),
	(114, 'Bosconia', 12),
	(115, 'Boyacá', 7),
	(116, 'Briceño', 2),
	(117, 'Briceño', 7),
	(118, 'Bucaramanga', 28),
	(119, 'Bucarasica', 23),
	(120, 'Buenaventura', 31),
	(121, 'Buenavista', 7),
	(122, 'Buenavista', 14),
	(123, 'Buenavista', 25),
	(124, 'Buenavista', 29),
	(125, 'Buenos Aires', 11),
	(126, 'Buesaco', 22),
	(127, 'Buga', 31),
	(128, 'Bugalagrande', 31),
	(129, 'Burítica', 2),
	(130, 'Busbanza', 7),
	(131, 'Cabrera', 15),
	(132, 'Cabrera', 28),
	(133, 'Cabuyaro', 21),
	(134, 'Cachipay', 15),
	(135, 'Caicedo', 2),
	(136, 'Caicedonia', 31),
	(137, 'Caimito', 29),
	(138, 'Cajamarca', 30),
	(139, 'Cajibío', 11),
	(140, 'Cajicá', 15),
	(141, 'Calamar', 6),
	(142, 'Calamar', 17),
	(143, 'Calarcá', 25),
	(144, 'Caldas', 2),
	(145, 'Caldas', 7),
	(146, 'Caldono', 11),
	(147, 'California', 28),
	(148, 'Calima (Darién)', 31),
	(149, 'Caloto', 11),
	(150, 'Calí', 31),
	(151, 'Campamento', 2),
	(152, 'Campo de la Cruz', 4),
	(153, 'Campoalegre', 18),
	(154, 'Campohermoso', 7),
	(155, 'Canalete', 14),
	(156, 'Candelaria', 4),
	(157, 'Candelaria', 31),
	(158, 'Cantagallo', 6),
	(159, 'Cantón de San Pablo', 13),
	(160, 'Caparrapí', 15),
	(161, 'Capitanejo', 28),
	(162, 'Caracolí', 2),
	(163, 'Caramanta', 2),
	(164, 'Carcasí', 28),
	(165, 'Carepa', 2),
	(166, 'Carmen de Apicalá', 30),
	(167, 'Carmen de Carupa', 15),
	(168, 'Carmen de Viboral', 2),
	(169, 'Carmen del Darién (CURBARADÓ)', 13),
	(170, 'Carolina', 2),
	(171, 'Cartagena', 6),
	(172, 'Cartagena del Chairá', 9),
	(173, 'Cartago', 31),
	(174, 'Carurú', 32),
	(175, 'Casabianca', 30),
	(176, 'Castilla la Nueva', 21),
	(177, 'Caucasia', 2),
	(178, 'Cañasgordas', 2),
	(179, 'Cepita', 28),
	(180, 'Cereté', 14),
	(181, 'Cerinza', 7),
	(182, 'Cerrito', 28),
	(183, 'Cerro San Antonio', 20),
	(184, 'Chachaguí', 22),
	(185, 'Chaguaní', 15),
	(186, 'Chalán', 29),
	(187, 'Chaparral', 30),
	(188, 'Charalá', 28),
	(189, 'Charta', 28),
	(190, 'Chigorodó', 2),
	(191, 'Chima', 28),
	(192, 'Chimichagua', 12),
	(193, 'Chimá', 14),
	(194, 'Chinavita', 7),
	(195, 'Chinchiná', 8),
	(196, 'Chinácota', 23),
	(197, 'Chinú', 14),
	(198, 'Chipaque', 15),
	(199, 'Chipatá', 28),
	(200, 'Chiquinquirá', 7),
	(201, 'Chiriguaná', 12),
	(202, 'Chiscas', 7),
	(203, 'Chita', 7),
	(204, 'Chitagá', 23),
	(205, 'Chitaraque', 7),
	(206, 'Chivatá', 7),
	(207, 'Chivolo', 20),
	(208, 'Choachí', 15),
	(209, 'Chocontá', 15),
	(210, 'Chámeza', 10),
	(211, 'Chía', 15),
	(212, 'Chíquiza', 7),
	(213, 'Chívor', 7),
	(214, 'Cicuco', 6),
	(215, 'Cimitarra', 28),
	(216, 'Circasia', 25),
	(217, 'Cisneros', 2),
	(218, 'Ciénaga', 7),
	(219, 'Ciénaga', 20),
	(220, 'Ciénaga de Oro', 14),
	(221, 'Clemencia', 6),
	(222, 'Cocorná', 2),
	(223, 'Coello', 30),
	(224, 'Cogua', 15),
	(225, 'Colombia', 18),
	(226, 'Colosó (Ricaurte)', 29),
	(227, 'Colón', 24),
	(228, 'Colón (Génova)', 22),
	(229, 'Concepción', 2),
	(230, 'Concepción', 28),
	(231, 'Concordia', 2),
	(232, 'Concordia', 20),
	(233, 'Condoto', 13),
	(234, 'Confines', 28),
	(235, 'Consaca', 22),
	(236, 'Contadero', 22),
	(237, 'Contratación', 28),
	(238, 'Convención', 23),
	(239, 'Copacabana', 2),
	(240, 'Coper', 7),
	(241, 'Cordobá', 25),
	(242, 'Corinto', 11),
	(243, 'Coromoro', 28),
	(244, 'Corozal', 29),
	(245, 'Corrales', 7),
	(246, 'Cota', 15),
	(247, 'Cotorra', 14),
	(248, 'Covarachía', 7),
	(249, 'Coveñas', 29),
	(250, 'Coyaima', 30),
	(251, 'Cravo Norte', 3),
	(252, 'Cuaspud (Carlosama)', 22),
	(253, 'Cubarral', 21),
	(254, 'Cubará', 7),
	(255, 'Cucaita', 7),
	(256, 'Cucunubá', 15),
	(257, 'Cucutilla', 23),
	(258, 'Cuitiva', 7),
	(259, 'Cumaral', 21),
	(260, 'Cumaribo', 33),
	(261, 'Cumbal', 22),
	(262, 'Cumbitara', 22),
	(263, 'Cunday', 30),
	(264, 'Curillo', 9),
	(265, 'Curití', 28),
	(266, 'Curumaní', 12),
	(267, 'Cáceres', 2),
	(268, 'Cáchira', 23),
	(269, 'Cácota', 23),
	(270, 'Cáqueza', 15),
	(271, 'Cértegui', 13),
	(272, 'Cómbita', 7),
	(273, 'Córdoba', 6),
	(274, 'Córdoba', 22),
	(275, 'Cúcuta', 23),
	(276, 'Dabeiba', 2),
	(277, 'Dagua', 31),
	(278, 'Dibulla', 19),
	(279, 'Distracción', 19),
	(280, 'Dolores', 30),
	(281, 'Don Matías', 2),
	(282, 'Dos Quebradas', 26),
	(283, 'Duitama', 7),
	(284, 'Durania', 23),
	(285, 'Ebéjico', 2),
	(286, 'El Bagre', 2),
	(287, 'El Banco', 20),
	(288, 'El Cairo', 31),
	(289, 'El Calvario', 21),
	(290, 'El Carmen', 23),
	(291, 'El Carmen', 28),
	(292, 'El Carmen de Atrato', 13),
	(293, 'El Carmen de Bolívar', 6),
	(294, 'El Castillo', 21),
	(295, 'El Cerrito', 31),
	(296, 'El Charco', 22),
	(297, 'El Cocuy', 7),
	(298, 'El Colegio', 15),
	(299, 'El Copey', 12),
	(300, 'El Doncello', 9),
	(301, 'El Dorado', 21),
	(302, 'El Dovio', 31),
	(303, 'El Espino', 7),
	(304, 'El Guacamayo', 28),
	(305, 'El Guamo', 6),
	(306, 'El Molino', 19),
	(307, 'El Paso', 12),
	(308, 'El Paujil', 9),
	(309, 'El Peñol', 22),
	(310, 'El Peñon', 6),
	(311, 'El Peñon', 28),
	(312, 'El Peñón', 15),
	(313, 'El Piñon', 20),
	(314, 'El Playón', 28),
	(315, 'El Retorno', 17),
	(316, 'El Retén', 20),
	(317, 'El Roble', 29),
	(318, 'El Rosal', 15),
	(319, 'El Rosario', 22),
	(320, 'El Tablón de Gómez', 22),
	(321, 'El Tambo', 11),
	(322, 'El Tambo', 22),
	(323, 'El Tarra', 23),
	(324, 'El Zulia', 23),
	(325, 'El Águila', 31),
	(326, 'Elías', 18),
	(327, 'Encino', 28),
	(328, 'Enciso', 28),
	(329, 'Entrerríos', 2),
	(330, 'Envigado', 2),
	(331, 'Espinal', 30),
	(332, 'Facatativá', 15),
	(333, 'Falan', 30),
	(334, 'Filadelfia', 8),
	(335, 'Filandia', 25),
	(336, 'Firavitoba', 7),
	(337, 'Flandes', 30),
	(338, 'Florencia', 9),
	(339, 'Florencia', 11),
	(340, 'Floresta', 7),
	(341, 'Florida', 31),
	(342, 'Floridablanca', 28),
	(343, 'Florián', 28),
	(344, 'Fonseca', 19),
	(345, 'Fortúl', 3),
	(346, 'Fosca', 15),
	(347, 'Francisco Pizarro', 22),
	(348, 'Fredonia', 2),
	(349, 'Fresno', 30),
	(350, 'Frontino', 2),
	(351, 'Fuente de Oro', 21),
	(352, 'Fundación', 20),
	(353, 'Funes', 22),
	(354, 'Funza', 15),
	(355, 'Fusagasugá', 15),
	(356, 'Fómeque', 15),
	(357, 'Fúquene', 15),
	(358, 'Gachalá', 15),
	(359, 'Gachancipá', 15),
	(360, 'Gachantivá', 7),
	(361, 'Gachetá', 15),
	(362, 'Galapa', 4),
	(363, 'Galeras (Nueva Granada)', 29),
	(364, 'Galán', 28),
	(365, 'Gama', 15),
	(366, 'Gamarra', 12),
	(367, 'Garagoa', 7),
	(368, 'Garzón', 18),
	(369, 'Gigante', 18),
	(370, 'Ginebra', 31),
	(371, 'Giraldo', 2),
	(372, 'Girardot', 15),
	(373, 'Girardota', 2),
	(374, 'Girón', 28),
	(375, 'Gonzalez', 12),
	(376, 'Gramalote', 23),
	(377, 'Granada', 2),
	(378, 'Granada', 15),
	(379, 'Granada', 21),
	(380, 'Guaca', 28),
	(381, 'Guacamayas', 7),
	(382, 'Guacarí', 31),
	(383, 'Guachavés', 22),
	(384, 'Guachené', 11),
	(385, 'Guachetá', 15),
	(386, 'Guachucal', 22),
	(387, 'Guadalupe', 2),
	(388, 'Guadalupe', 18),
	(389, 'Guadalupe', 28),
	(390, 'Guaduas', 15),
	(391, 'Guaitarilla', 22),
	(392, 'Gualmatán', 22),
	(393, 'Guamal', 20),
	(394, 'Guamal', 21),
	(395, 'Guamo', 30),
	(396, 'Guapota', 28),
	(397, 'Guapí', 11),
	(398, 'Guaranda', 29),
	(399, 'Guarne', 2),
	(400, 'Guasca', 15),
	(401, 'Guatapé', 2),
	(402, 'Guataquí', 15),
	(403, 'Guatavita', 15),
	(404, 'Guateque', 7),
	(405, 'Guavatá', 28),
	(406, 'Guayabal de Siquima', 15),
	(407, 'Guayabetal', 15),
	(408, 'Guayatá', 7),
	(409, 'Guepsa', 28),
	(410, 'Guicán', 7),
	(411, 'Gutiérrez', 15),
	(412, 'Guática', 26),
	(413, 'Gámbita', 28),
	(414, 'Gámeza', 7),
	(415, 'Génova', 25),
	(416, 'Gómez Plata', 2),
	(417, 'Hacarí', 23),
	(418, 'Hatillo de Loba', 6),
	(419, 'Hato', 28),
	(420, 'Hato Corozal', 10),
	(421, 'Hatonuevo', 19),
	(422, 'Heliconia', 2),
	(423, 'Herrán', 23),
	(424, 'Herveo', 30),
	(425, 'Hispania', 2),
	(426, 'Hobo', 18),
	(427, 'Honda', 30),
	(428, 'Ibagué', 30),
	(429, 'Icononzo', 30),
	(430, 'Iles', 22),
	(431, 'Imúes', 22),
	(432, 'Inzá', 11),
	(433, 'Inírida', 16),
	(434, 'Ipiales', 22),
	(435, 'Isnos', 18),
	(436, 'Istmina', 13),
	(437, 'Itagüí', 2),
	(438, 'Ituango', 2),
	(439, 'Izá', 7),
	(440, 'Jambaló', 11),
	(441, 'Jamundí', 31),
	(442, 'Jardín', 2),
	(443, 'Jenesano', 7),
	(444, 'Jericó', 2),
	(445, 'Jericó', 7),
	(446, 'Jerusalén', 15),
	(447, 'Jesús María', 28),
	(448, 'Jordán', 28),
	(449, 'Juan de Acosta', 4),
	(450, 'Junín', 15),
	(451, 'Juradó', 13),
	(452, 'La Apartada y La Frontera', 14),
	(453, 'La Argentina', 18),
	(454, 'La Belleza', 28),
	(455, 'La Calera', 15),
	(456, 'La Capilla', 7),
	(457, 'La Ceja', 2),
	(458, 'La Celia', 26),
	(459, 'La Cruz', 22),
	(460, 'La Cumbre', 31),
	(461, 'La Dorada', 8),
	(462, 'La Esperanza', 23),
	(463, 'La Estrella', 2),
	(464, 'La Florida', 22),
	(465, 'La Gloria', 12),
	(466, 'La Jagua de Ibirico', 12),
	(467, 'La Jagua del Pilar', 19),
	(468, 'La Llanada', 22),
	(469, 'La Macarena', 21),
	(470, 'La Merced', 8),
	(471, 'La Mesa', 15),
	(472, 'La Montañita', 9),
	(473, 'La Palma', 15),
	(474, 'La Paz', 28),
	(475, 'La Paz (Robles)', 12),
	(476, 'La Peña', 15),
	(477, 'La Pintada', 2),
	(478, 'La Plata', 18),
	(479, 'La Playa', 23),
	(480, 'La Primavera', 33),
	(481, 'La Salina', 10),
	(482, 'La Sierra', 11),
	(483, 'La Tebaida', 25),
	(484, 'La Tola', 22),
	(485, 'La Unión', 2),
	(486, 'La Unión', 22),
	(487, 'La Unión', 29),
	(488, 'La Unión', 31),
	(489, 'La Uvita', 7),
	(490, 'La Vega', 11),
	(491, 'La Vega', 15),
	(492, 'La Victoria', 7),
	(493, 'La Victoria', 8),
	(494, 'La Victoria', 31),
	(495, 'La Virginia', 26),
	(496, 'Labateca', 23),
	(497, 'Labranzagrande', 7),
	(498, 'Landázuri', 28),
	(499, 'Lebrija', 28),
	(500, 'Leiva', 22),
	(501, 'Lejanías', 21),
	(502, 'Lenguazaque', 15),
	(503, 'Leticia', 1),
	(504, 'Liborina', 2),
	(505, 'Linares', 22),
	(506, 'Lloró', 13),
	(507, 'Lorica', 14),
	(508, 'Los Córdobas', 14),
	(509, 'Los Palmitos', 29),
	(510, 'Los Patios', 23),
	(511, 'Los Santos', 28),
	(512, 'Lourdes', 23),
	(513, 'Luruaco', 4),
	(514, 'Lérida', 30),
	(515, 'Líbano', 30),
	(516, 'López (Micay)', 11),
	(517, 'Macanal', 7),
	(518, 'Macaravita', 28),
	(519, 'Maceo', 2),
	(520, 'Machetá', 15),
	(521, 'Madrid', 15),
	(522, 'Magangué', 6),
	(523, 'Magüi (Payán)', 22),
	(524, 'Mahates', 6),
	(525, 'Maicao', 19),
	(526, 'Majagual', 29),
	(527, 'Malambo', 4),
	(528, 'Mallama (Piedrancha)', 22),
	(529, 'Manatí', 4),
	(530, 'Manaure', 19),
	(531, 'Manaure Balcón del Cesar', 12),
	(532, 'Manizales', 8),
	(533, 'Manta', 15),
	(534, 'Manzanares', 8),
	(535, 'Maní', 10),
	(536, 'Mapiripan', 21),
	(537, 'Margarita', 6),
	(538, 'Marinilla', 2),
	(539, 'Maripí', 7),
	(540, 'Mariquita', 30),
	(541, 'Marmato', 8),
	(542, 'Marquetalia', 8),
	(543, 'Marsella', 26),
	(544, 'Marulanda', 8),
	(545, 'María la Baja', 6),
	(546, 'Matanza', 28),
	(547, 'Medellín', 2),
	(548, 'Medina', 15),
	(549, 'Medio Atrato', 13),
	(550, 'Medio Baudó', 13),
	(551, 'Medio San Juan (ANDAGOYA)', 13),
	(552, 'Melgar', 30),
	(553, 'Mercaderes', 11),
	(554, 'Mesetas', 21),
	(555, 'Milán', 9),
	(556, 'Miraflores', 7),
	(557, 'Miraflores', 17),
	(558, 'Miranda', 11),
	(559, 'Mistrató', 26),
	(560, 'Mitú', 32),
	(561, 'Mocoa', 24),
	(562, 'Mogotes', 28),
	(563, 'Molagavita', 28),
	(564, 'Momil', 14),
	(565, 'Mompós', 6),
	(566, 'Mongua', 7),
	(567, 'Monguí', 7),
	(568, 'Moniquirá', 7),
	(569, 'Montebello', 2),
	(570, 'Montecristo', 6),
	(571, 'Montelíbano', 14),
	(572, 'Montenegro', 25),
	(573, 'Monteria', 14),
	(574, 'Monterrey', 10),
	(575, 'Morales', 6),
	(576, 'Morales', 11),
	(577, 'Morelia', 9),
	(578, 'Morroa', 29),
	(579, 'Mosquera', 15),
	(580, 'Mosquera', 22),
	(581, 'Motavita', 7),
	(582, 'Moñitos', 14),
	(583, 'Murillo', 30),
	(584, 'Murindó', 2),
	(585, 'Mutatá', 2),
	(586, 'Mutiscua', 23),
	(587, 'Muzo', 7),
	(588, 'Málaga', 28),
	(589, 'Nariño', 2),
	(590, 'Nariño', 15),
	(591, 'Nariño', 22),
	(592, 'Natagaima', 30),
	(593, 'Nechí', 2),
	(594, 'Necoclí', 2),
	(595, 'Neira', 8),
	(596, 'Neiva', 18),
	(597, 'Nemocón', 15),
	(598, 'Nilo', 15),
	(599, 'Nimaima', 15),
	(600, 'Nobsa', 7),
	(601, 'Nocaima', 15),
	(602, 'Norcasia', 8),
	(603, 'Norosí', 6),
	(604, 'Novita', 13),
	(605, 'Nueva Granada', 20),
	(606, 'Nuevo Colón', 7),
	(607, 'Nunchía', 10),
	(608, 'Nuquí', 13),
	(609, 'Nátaga', 18),
	(610, 'Obando', 31),
	(611, 'Ocamonte', 28),
	(612, 'Ocaña', 23),
	(613, 'Oiba', 28),
	(614, 'Oicatá', 7),
	(615, 'Olaya', 2),
	(616, 'Olaya Herrera', 22),
	(617, 'Onzaga', 28),
	(618, 'Oporapa', 18),
	(619, 'Orito', 24),
	(620, 'Orocué', 10),
	(621, 'Ortega', 30),
	(622, 'Ospina', 22),
	(623, 'Otanche', 7),
	(624, 'Ovejas', 29),
	(625, 'Pachavita', 7),
	(626, 'Pacho', 15),
	(627, 'Padilla', 11),
	(628, 'Paicol', 18),
	(629, 'Pailitas', 12),
	(630, 'Paime', 15),
	(631, 'Paipa', 7),
	(632, 'Pajarito', 7),
	(633, 'Palermo', 18),
	(634, 'Palestina', 8),
	(635, 'Palestina', 18),
	(636, 'Palmar', 28),
	(637, 'Palmar de Varela', 4),
	(638, 'Palmas del Socorro', 28),
	(639, 'Palmira', 31),
	(640, 'Palmito', 29),
	(641, 'Palocabildo', 30),
	(642, 'Pamplona', 23),
	(643, 'Pamplonita', 23),
	(644, 'Pandi', 15),
	(645, 'Panqueba', 7),
	(646, 'Paratebueno', 15),
	(647, 'Pasca', 15),
	(648, 'Patía (El Bordo)', 11),
	(649, 'Pauna', 7),
	(650, 'Paya', 7),
	(651, 'Paz de Ariporo', 10),
	(652, 'Paz de Río', 7),
	(653, 'Pedraza', 20),
	(654, 'Pelaya', 12),
	(655, 'Pensilvania', 8),
	(656, 'Peque', 2),
	(657, 'Pereira', 26),
	(658, 'Pesca', 7),
	(659, 'Peñol', 2),
	(660, 'Piamonte', 11),
	(661, 'Pie de Cuesta', 28),
	(662, 'Piedras', 30),
	(663, 'Piendamó', 11),
	(664, 'Pijao', 25),
	(665, 'Pijiño', 20),
	(666, 'Pinchote', 28),
	(667, 'Pinillos', 6),
	(668, 'Piojo', 4),
	(669, 'Pisva', 7),
	(670, 'Pital', 18),
	(671, 'Pitalito', 18),
	(672, 'Pivijay', 20),
	(673, 'Planadas', 30),
	(674, 'Planeta Rica', 14),
	(675, 'Plato', 20),
	(676, 'Policarpa', 22),
	(677, 'Polonuevo', 4),
	(678, 'Ponedera', 4),
	(679, 'Popayán', 11),
	(680, 'Pore', 10),
	(681, 'Potosí', 22),
	(682, 'Pradera', 31),
	(683, 'Prado', 30),
	(684, 'Providencia', 22),
	(685, 'Providencia', 27),
	(686, 'Pueblo Bello', 12),
	(687, 'Pueblo Nuevo', 14),
	(688, 'Pueblo Rico', 26),
	(689, 'Pueblorrico', 2),
	(690, 'Puebloviejo', 20),
	(691, 'Puente Nacional', 28),
	(692, 'Puerres', 22),
	(693, 'Puerto Asís', 24),
	(694, 'Puerto Berrío', 2),
	(695, 'Puerto Boyacá', 7),
	(696, 'Puerto Caicedo', 24),
	(697, 'Puerto Carreño', 33),
	(698, 'Puerto Colombia', 4),
	(699, 'Puerto Concordia', 21),
	(700, 'Puerto Escondido', 14),
	(701, 'Puerto Gaitán', 21),
	(702, 'Puerto Guzmán', 24),
	(703, 'Puerto Leguízamo', 24),
	(704, 'Puerto Libertador', 14),
	(705, 'Puerto Lleras', 21),
	(706, 'Puerto López', 21),
	(707, 'Puerto Nare', 2),
	(708, 'Puerto Nariño', 1),
	(709, 'Puerto Parra', 28),
	(710, 'Puerto Rico', 9),
	(711, 'Puerto Rico', 21),
	(712, 'Puerto Rondón', 3),
	(713, 'Puerto Salgar', 15),
	(714, 'Puerto Santander', 23),
	(715, 'Puerto Tejada', 11),
	(716, 'Puerto Triunfo', 2),
	(717, 'Puerto Wilches', 28),
	(718, 'Pulí', 15),
	(719, 'Pupiales', 22),
	(720, 'Puracé (Coconuco)', 11),
	(721, 'Purificación', 30),
	(722, 'Purísima', 14),
	(723, 'Pácora', 8),
	(724, 'Páez', 7),
	(725, 'Páez (Belalcazar)', 11),
	(726, 'Páramo', 28),
	(727, 'Quebradanegra', 15),
	(728, 'Quetame', 15),
	(729, 'Quibdó', 13),
	(730, 'Quimbaya', 25),
	(731, 'Quinchía', 26),
	(732, 'Quipama', 7),
	(733, 'Quipile', 15),
	(734, 'Ragonvalia', 23),
	(735, 'Ramiriquí', 7),
	(736, 'Recetor', 10),
	(737, 'Regidor', 6),
	(738, 'Remedios', 2),
	(739, 'Remolino', 20),
	(740, 'Repelón', 4),
	(741, 'Restrepo', 21),
	(742, 'Restrepo', 31),
	(743, 'Retiro', 2),
	(744, 'Ricaurte', 15),
	(745, 'Ricaurte', 22),
	(746, 'Rio Negro', 28),
	(747, 'Rioblanco', 30),
	(748, 'Riofrío', 31),
	(749, 'Riohacha', 19),
	(750, 'Risaralda', 8),
	(751, 'Rivera', 18),
	(752, 'Roberto Payán (San José)', 22),
	(753, 'Roldanillo', 31),
	(754, 'Roncesvalles', 30),
	(755, 'Rondón', 7),
	(756, 'Rosas', 11),
	(757, 'Rovira', 30),
	(758, 'Ráquira', 7),
	(759, 'Río Iró', 13),
	(760, 'Río Quito', 13),
	(761, 'Río Sucio', 8),
	(762, 'Río Viejo', 6),
	(763, 'Río de oro', 12),
	(764, 'Ríonegro', 2),
	(765, 'Ríosucio', 13),
	(766, 'Sabana de Torres', 28),
	(767, 'Sabanagrande', 4),
	(768, 'Sabanalarga', 2),
	(769, 'Sabanalarga', 4),
	(770, 'Sabanalarga', 10),
	(771, 'Sabanas de San Angel (SAN ANGEL)', 20),
	(772, 'Sabaneta', 2),
	(773, 'Saboyá', 7),
	(774, 'Sahagún', 14),
	(775, 'Saladoblanco', 18),
	(776, 'Salamina', 8),
	(777, 'Salamina', 20),
	(778, 'Salazar', 23),
	(779, 'Saldaña', 30),
	(780, 'Salento', 25),
	(781, 'Salgar', 2),
	(782, 'Samacá', 7),
	(783, 'Samaniego', 22),
	(784, 'Samaná', 8),
	(785, 'Sampués', 29),
	(786, 'San Agustín', 18),
	(787, 'San Alberto', 12),
	(788, 'San Andrés', 28),
	(789, 'San Andrés Sotavento', 14),
	(790, 'San Andrés de Cuerquía', 2),
	(791, 'San Antero', 14),
	(792, 'San Antonio', 30),
	(793, 'San Antonio de Tequendama', 15),
	(794, 'San Benito', 28),
	(795, 'San Benito Abad', 29),
	(796, 'San Bernardo', 15),
	(797, 'San Bernardo', 22),
	(798, 'San Bernardo del Viento', 14),
	(799, 'San Calixto', 23),
	(800, 'San Carlos', 2),
	(801, 'San Carlos', 14),
	(802, 'San Carlos de Guaroa', 21),
	(803, 'San Cayetano', 15),
	(804, 'San Cayetano', 23),
	(805, 'San Cristobal', 6),
	(806, 'San Diego', 12),
	(807, 'San Eduardo', 7),
	(808, 'San Estanislao', 6),
	(809, 'San Fernando', 6),
	(810, 'San Francisco', 2),
	(811, 'San Francisco', 15),
	(812, 'San Francisco', 24),
	(813, 'San Gíl', 28),
	(814, 'San Jacinto', 6),
	(815, 'San Jacinto del Cauca', 6),
	(816, 'San Jerónimo', 2),
	(817, 'San Joaquín', 28),
	(818, 'San José', 8),
	(819, 'San José de Miranda', 28),
	(820, 'San José de Montaña', 2),
	(821, 'San José de Pare', 7),
	(822, 'San José de Uré', 14),
	(823, 'San José del Fragua', 9),
	(824, 'San José del Guaviare', 17),
	(825, 'San José del Palmar', 13),
	(826, 'San Juan de Arama', 21),
	(827, 'San Juan de Betulia', 29),
	(828, 'San Juan de Nepomuceno', 6),
	(829, 'San Juan de Pasto', 22),
	(830, 'San Juan de Río Seco', 15),
	(831, 'San Juan de Urabá', 2),
	(832, 'San Juan del Cesar', 19),
	(833, 'San Juanito', 21),
	(834, 'San Lorenzo', 22),
	(835, 'San Luis', 30),
	(836, 'San Luís', 2),
	(837, 'San Luís de Gaceno', 7),
	(838, 'San Luís de Palenque', 10),
	(839, 'San Marcos', 29),
	(840, 'San Martín', 12),
	(841, 'San Martín', 21),
	(842, 'San Martín de Loba', 6),
	(843, 'San Mateo', 7),
	(844, 'San Miguel', 28),
	(845, 'San Miguel', 24),
	(846, 'San Miguel de Sema', 7),
	(847, 'San Onofre', 29),
	(848, 'San Pablo', 6),
	(849, 'San Pablo', 22),
	(850, 'San Pablo de Borbur', 7),
	(851, 'San Pedro', 2),
	(852, 'San Pedro', 29),
	(853, 'San Pedro', 31),
	(854, 'San Pedro de Cartago', 22),
	(855, 'San Pedro de Urabá', 2),
	(856, 'San Pelayo', 14),
	(857, 'San Rafael', 2),
	(858, 'San Roque', 2),
	(859, 'San Sebastián', 11),
	(860, 'San Sebastián de Buenavista', 20),
	(861, 'San Vicente', 2),
	(862, 'San Vicente del Caguán', 9),
	(863, 'San Vicente del Chucurí', 28),
	(864, 'San Zenón', 20),
	(865, 'Sandoná', 22),
	(866, 'Santa Ana', 20),
	(867, 'Santa Bárbara', 2),
	(868, 'Santa Bárbara', 28),
	(869, 'Santa Bárbara (Iscuandé)', 22),
	(870, 'Santa Bárbara de Pinto', 20),
	(871, 'Santa Catalina', 6),
	(872, 'Santa Fé de Antioquia', 2),
	(873, 'Santa Genoveva de Docorodó', 13),
	(874, 'Santa Helena del Opón', 28),
	(875, 'Santa Isabel', 30),
	(876, 'Santa Lucía', 4),
	(877, 'Santa Marta', 20),
	(878, 'Santa María', 7),
	(879, 'Santa María', 18),
	(880, 'Santa Rosa', 6),
	(881, 'Santa Rosa', 11),
	(882, 'Santa Rosa de Cabal', 26),
	(883, 'Santa Rosa de Osos', 2),
	(884, 'Santa Rosa de Viterbo', 7),
	(885, 'Santa Rosa del Sur', 6),
	(886, 'Santa Rosalía', 33),
	(887, 'Santa Sofía', 7),
	(888, 'Santana', 7),
	(889, 'Santander de Quilichao', 11),
	(890, 'Santiago', 23),
	(891, 'Santiago', 24),
	(892, 'Santo Domingo', 2),
	(893, 'Santo Tomás', 4),
	(894, 'Santuario', 2),
	(895, 'Santuario', 26),
	(896, 'Sapuyes', 22),
	(897, 'Saravena', 3),
	(898, 'Sardinata', 23),
	(899, 'Sasaima', 15),
	(900, 'Sativanorte', 7),
	(901, 'Sativasur', 7),
	(902, 'Segovia', 2),
	(903, 'Sesquilé', 15),
	(904, 'Sevilla', 31),
	(905, 'Siachoque', 7),
	(906, 'Sibaté', 15),
	(907, 'Sibundoy', 24),
	(908, 'Silos', 23),
	(909, 'Silvania', 15),
	(910, 'Silvia', 11),
	(911, 'Simacota', 28),
	(912, 'Simijaca', 15),
	(913, 'Simití', 6),
	(914, 'Sincelejo', 29),
	(915, 'Sincé', 29),
	(916, 'Sipí', 13),
	(917, 'Sitionuevo', 20),
	(918, 'Soacha', 15),
	(919, 'Soatá', 7),
	(920, 'Socha', 7),
	(921, 'Socorro', 28),
	(922, 'Socotá', 7),
	(923, 'Sogamoso', 7),
	(924, 'Solano', 9),
	(925, 'Soledad', 4),
	(926, 'Solita', 9),
	(927, 'Somondoco', 7),
	(928, 'Sonsón', 2),
	(929, 'Sopetrán', 2),
	(930, 'Soplaviento', 6),
	(931, 'Sopó', 15),
	(932, 'Sora', 7),
	(933, 'Soracá', 7),
	(934, 'Sotaquirá', 7),
	(935, 'Sotara (Paispamba)', 11),
	(936, 'Sotomayor (Los Andes)', 22),
	(937, 'Suaita', 28),
	(938, 'Suan', 4),
	(939, 'Suaza', 18),
	(940, 'Subachoque', 15),
	(941, 'Sucre', 11),
	(942, 'Sucre', 28),
	(943, 'Sucre', 29),
	(944, 'Suesca', 15),
	(945, 'Supatá', 15),
	(946, 'Supía', 8),
	(947, 'Suratá', 28),
	(948, 'Susa', 15),
	(949, 'Susacón', 7),
	(950, 'Sutamarchán', 7),
	(951, 'Sutatausa', 15),
	(952, 'Sutatenza', 7),
	(953, 'Suárez', 11),
	(954, 'Suárez', 30),
	(955, 'Sácama', 10),
	(956, 'Sáchica', 7),
	(957, 'Tabio', 15),
	(958, 'Tadó', 13),
	(959, 'Talaigua Nuevo', 6),
	(960, 'Tamalameque', 12),
	(961, 'Tame', 3),
	(962, 'Taminango', 22),
	(963, 'Tangua', 22),
	(964, 'Taraira', 32),
	(965, 'Tarazá', 2),
	(966, 'Tarqui', 18),
	(967, 'Tarso', 2),
	(968, 'Tasco', 7),
	(969, 'Tauramena', 10),
	(970, 'Tausa', 15),
	(971, 'Tello', 18),
	(972, 'Tena', 15),
	(973, 'Tenerife', 20),
	(974, 'Tenjo', 15),
	(975, 'Tenza', 7),
	(976, 'Teorama', 23),
	(977, 'Teruel', 18),
	(978, 'Tesalia', 18),
	(979, 'Tibacuy', 15),
	(980, 'Tibaná', 7),
	(981, 'Tibasosa', 7),
	(982, 'Tibirita', 15),
	(983, 'Tibú', 23),
	(984, 'Tierralta', 14),
	(985, 'Timaná', 18),
	(986, 'Timbiquí', 11),
	(987, 'Timbío', 11),
	(988, 'Tinjacá', 7),
	(989, 'Tipacoque', 7),
	(990, 'Tiquisio (Puerto Rico)', 6),
	(991, 'Titiribí', 2),
	(992, 'Toca', 7),
	(993, 'Tocaima', 15),
	(994, 'Tocancipá', 15),
	(995, 'Toguí', 7),
	(996, 'Toledo', 2),
	(997, 'Toledo', 23),
	(998, 'Tolú', 29),
	(999, 'Tolú Viejo', 29),
	(1000, 'Tona', 28),
	(1001, 'Topagá', 7),
	(1002, 'Topaipí', 15),
	(1003, 'Toribío', 11),
	(1004, 'Toro', 31),
	(1005, 'Tota', 7),
	(1006, 'Totoró', 11),
	(1007, 'Trinidad', 10),
	(1008, 'Trujillo', 31),
	(1009, 'Tubará', 4),
	(1010, 'Tuchín', 14),
	(1011, 'Tulúa', 31),
	(1012, 'Tumaco', 22),
	(1013, 'Tunja', 7),
	(1014, 'Tunungua', 7),
	(1015, 'Turbaco', 6),
	(1016, 'Turbaná', 6),
	(1017, 'Turbo', 2),
	(1018, 'Turmequé', 7),
	(1019, 'Tuta', 7),
	(1020, 'Tutasá', 7),
	(1021, 'Támara', 10),
	(1022, 'Támesis', 2),
	(1023, 'Túquerres', 22),
	(1024, 'Ubalá', 15),
	(1025, 'Ubaque', 15),
	(1026, 'Ubaté', 15),
	(1027, 'Ulloa', 31),
	(1028, 'Une', 15),
	(1029, 'Unguía', 13),
	(1030, 'Unión Panamericana (ÁNIMAS)', 13),
	(1031, 'Uramita', 2),
	(1032, 'Uribe', 21),
	(1033, 'Uribia', 19),
	(1034, 'Urrao', 2),
	(1035, 'Urumita', 19),
	(1036, 'Usiacuri', 4),
	(1037, 'Valdivia', 2),
	(1038, 'Valencia', 14),
	(1039, 'Valle de San José', 28),
	(1040, 'Valle de San Juan', 30),
	(1041, 'Valle del Guamuez', 24),
	(1042, 'Valledupar', 12),
	(1043, 'Valparaiso', 2),
	(1044, 'Valparaiso', 9),
	(1045, 'Vegachí', 2),
	(1046, 'Venadillo', 30),
	(1047, 'Venecia', 2),
	(1048, 'Venecia (Ospina Pérez)', 15),
	(1049, 'Ventaquemada', 7),
	(1050, 'Vergara', 15),
	(1051, 'Versalles', 31),
	(1052, 'Vetas', 28),
	(1053, 'Viani', 15),
	(1054, 'Vigía del Fuerte', 2),
	(1055, 'Vijes', 31),
	(1056, 'Villa Caro', 23),
	(1057, 'Villa Rica', 11),
	(1058, 'Villa de Leiva', 7),
	(1059, 'Villa del Rosario', 23),
	(1060, 'Villagarzón', 24),
	(1061, 'Villagómez', 15),
	(1062, 'Villahermosa', 30),
	(1063, 'Villamaría', 8),
	(1064, 'Villanueva', 6),
	(1065, 'Villanueva', 19),
	(1066, 'Villanueva', 28),
	(1067, 'Villanueva', 10),
	(1068, 'Villapinzón', 15),
	(1069, 'Villarrica', 30),
	(1070, 'Villavicencio', 21),
	(1071, 'Villavieja', 18),
	(1072, 'Villeta', 15),
	(1073, 'Viotá', 15),
	(1074, 'Viracachá', 7),
	(1075, 'Vista Hermosa', 21),
	(1076, 'Viterbo', 8),
	(1077, 'Vélez', 28),
	(1078, 'Yacopí', 15),
	(1079, 'Yacuanquer', 22),
	(1080, 'Yaguará', 18),
	(1081, 'Yalí', 2),
	(1082, 'Yarumal', 2),
	(1083, 'Yolombó', 2),
	(1084, 'Yondó (Casabe)', 2),
	(1085, 'Yopal', 10),
	(1086, 'Yotoco', 31),
	(1087, 'Yumbo', 31),
	(1088, 'Zambrano', 6),
	(1089, 'Zapatoca', 28),
	(1090, 'Zapayán (PUNTA DE PIEDRAS)', 20),
	(1091, 'Zaragoza', 2),
	(1092, 'Zarzal', 31),
	(1093, 'Zetaquirá', 7),
	(1094, 'Zipacón', 15),
	(1095, 'Zipaquirá', 15),
	(1096, 'Zona Bananera (PRADO - SEVILLA)', 20),
	(1097, 'Ábrego', 23),
	(1098, 'Íquira', 18),
	(1099, 'Úmbita', 7),
	(1100, 'Útica', 15);
/*!40000 ALTER TABLE `geo_citys` ENABLE KEYS */;

-- Volcando estructura para tabla admin_cms.geo_departments
CREATE TABLE IF NOT EXISTS `geo_departments` (
  `id` int(11) NOT NULL AUTO_INCREMENT,
  `code` varchar(50) DEFAULT '',
  `name` varchar(255) NOT NULL DEFAULT '',
  PRIMARY KEY (`id`),
  UNIQUE KEY `code` (`code`),
  KEY `id` (`id`)
) ENGINE=InnoDB AUTO_INCREMENT=34 DEFAULT CHARSET=utf8 ROW_FORMAT=DYNAMIC;

-- Volcando datos para la tabla admin_cms.geo_departments: ~33 rows (aproximadamente)
DELETE FROM `geo_departments`;
/*!40000 ALTER TABLE `geo_departments` DISABLE KEYS */;
INSERT INTO `geo_departments` (`id`, `code`, `name`) VALUES
	(1, '29', 'AMAZONAS'),
	(2, '1', 'ANTIOQUIA'),
	(3, '25', 'ARAUCA'),
	(4, '2', 'ATLÁNTICO'),
	(5, '3', 'BOGOTÁ, D.C.'),
	(6, '4', 'BOLÍVAR'),
	(7, '5', 'BOYACÁ'),
	(8, '6', 'CALDAS'),
	(9, '7', 'CAQUETÁ'),
	(10, '26', 'CASANARE'),
	(11, '8', 'CAUCA'),
	(12, '9', 'CESAR'),
	(13, '12', 'CHOCÓ'),
	(14, '10', 'CÓRDOBA'),
	(15, '11', 'CUNDINAMARCA'),
	(16, '30', 'GUAINÍA'),
	(17, '31', 'GUAVIARE'),
	(18, '13', 'HUILA'),
	(19, '14', 'LA GUAJIRA'),
	(20, '15', 'MAGDALENA'),
	(21, '16', 'META'),
	(22, '17', 'NARIÑO'),
	(23, '18', 'NORTE DE SANTANDER'),
	(24, '27', 'PUTUMAYO'),
	(25, '19', 'QUINDIO'),
	(26, '20', 'RISARALDA'),
	(27, '28', 'SAN ANDRÉS Y  PROVIDENCIA'),
	(28, '21', 'SANTANDER'),
	(29, '22', 'SUCRE'),
	(30, '23', 'TOLIMA'),
	(31, '24', 'VALLE DEL CAUCA'),
	(32, '32', 'VAUPÉS'),
	(33, '33', 'VICHADA');
/*!40000 ALTER TABLE `geo_departments` ENABLE KEYS */;

-- Volcando estructura para tabla admin_cms.identifications_types
CREATE TABLE IF NOT EXISTS `identifications_types` (
  `id` int(11) NOT NULL AUTO_INCREMENT,
  `name` varchar(250) NOT NULL,
  `code` varchar(50) DEFAULT NULL,
  PRIMARY KEY (`id`),
  UNIQUE KEY `name` (`name`),
  KEY `id` (`id`)
) ENGINE=InnoDB AUTO_INCREMENT=12 DEFAULT CHARSET=utf8 ROW_FORMAT=DYNAMIC;

-- Volcando datos para la tabla admin_cms.identifications_types: ~11 rows (aproximadamente)
DELETE FROM `identifications_types`;
/*!40000 ALTER TABLE `identifications_types` DISABLE KEYS */;
INSERT INTO `identifications_types` (`id`, `name`, `code`) VALUES
	(1, 'Cédula de Ciudadanía', 'CC'),
	(2, 'Número de Identificación Tributaria', 'NIT'),
	(3, 'Tarjeta Pasaporte', 'TP'),
	(4, 'Tarjeta de Identidad', 'TI'),
	(5, 'Cédula de Identidad', 'CI'),
	(6, 'Registro Civil', 'RC'),
	(7, 'Cédula de Extranjería', 'CE'),
	(8, 'Carné de Identidad', 'CI'),
	(9, 'Documento Nacional de Identidad', 'DNI'),
	(10, 'Documento Único de Identidad', 'DUI'),
	(11, 'Identificación Oficial', 'ID');
/*!40000 ALTER TABLE `identifications_types` ENABLE KEYS */;

-- Volcando estructura para tabla admin_cms.logs
CREATE TABLE IF NOT EXISTS `logs` (
  `id` int(11) NOT NULL AUTO_INCREMENT,
  `user` int(11) NOT NULL,
  `action` varchar(50) DEFAULT NULL,
  `tableDB` varchar(150) DEFAULT NULL,
  `data` mediumtext,
  `url` mediumtext,
  `created` timestamp NULL DEFAULT CURRENT_TIMESTAMP,
  `update` timestamp NULL DEFAULT CURRENT_TIMESTAMP ON UPDATE CURRENT_TIMESTAMP,
  PRIMARY KEY (`id`),
  KEY `id` (`id`),
  KEY `FK_logs_users` (`user`),
  CONSTRAINT `FK_logs_users` FOREIGN KEY (`user`) REFERENCES `users` (`id`) ON DELETE CASCADE ON UPDATE CASCADE
) ENGINE=InnoDB DEFAULT CHARSET=utf8;

-- Volcando datos para la tabla admin_cms.logs: ~0 rows (aproximadamente)
DELETE FROM `logs`;
/*!40000 ALTER TABLE `logs` DISABLE KEYS */;
/*!40000 ALTER TABLE `logs` ENABLE KEYS */;

-- Volcando estructura para tabla admin_cms.media
CREATE TABLE IF NOT EXISTS `media` (
  `id` int(11) NOT NULL AUTO_INCREMENT,
  `name` varchar(150) NOT NULL,
  `type` varchar(50) NOT NULL,
  `size` varchar(50) NOT NULL,
  `path_full` text NOT NULL,
  `path_short` varchar(250) NOT NULL,
  PRIMARY KEY (`id`),
  KEY `id` (`id`)
) ENGINE=InnoDB AUTO_INCREMENT=13 DEFAULT CHARSET=utf8mb4;

-- Volcando datos para la tabla admin_cms.media: ~5 rows (aproximadamente)
DELETE FROM `media`;
/*!40000 ALTER TABLE `media` DISABLE KEYS */;
INSERT INTO `media` (`id`, `name`, `type`, `size`, `path_full`, `path_short`) VALUES
	(4, 'config pasos fijo.png', 'image/png', '132125', '/home/admin/web/crm.ltsolucion.com/public_html/uploads/2019/08/23/config pasos fijo.png', '/uploads/2019/08/23/config pasos fijo.png'),
	(7, 'Arduino_Uno_Rev3-schematic.pdf', 'application/pdf', '83339', '/home/admin/web/crm.ltsolucion.com/public_html/uploads/2019/08/23/Arduino_Uno_Rev3-schematic.pdf', '/uploads/2019/08/23/Arduino_Uno_Rev3-schematic.pdf'),
	(11, 'export (2).pdf', 'application/pdf', '2366793', '/home/admin/web/crm.ltsolucion.com/public_html/uploads/2019/08/23/export (2).pdf', '/uploads/2019/08/23/export (2).pdf'),
	(12, 'Administradoras Vigentes V.3.2.xls', 'application/vnd.ms-excel', '116736', '/home/admin/web/crm.ltsolucion.com/public_html/uploads/2019/08/23/Administradoras Vigentes V.3.2.xls', '/uploads/2019/08/23/Administradoras Vigentes V.3.2.xls');
/*!40000 ALTER TABLE `media` ENABLE KEYS */;

-- Volcando estructura para tabla admin_cms.menus
CREATE TABLE IF NOT EXISTS `menus` (
  `id` int(11) NOT NULL AUTO_INCREMENT,
  `name` varchar(150) NOT NULL,
  `slug` varchar(50) NOT NULL,
  PRIMARY KEY (`id`),
  UNIQUE KEY `slug` (`slug`),
  KEY `id` (`id`)
) ENGINE=InnoDB AUTO_INCREMENT=3 DEFAULT CHARSET=utf8;

-- Volcando datos para la tabla admin_cms.menus: ~2 rows (aproximadamente)
DELETE FROM `menus`;
/*!40000 ALTER TABLE `menus` DISABLE KEYS */;
INSERT INTO `menus` (`id`, `name`, `slug`) VALUES
	(1, 'Menu Lateral', 'sidebar'),
	(2, 'Menu Superior', 'top');
/*!40000 ALTER TABLE `menus` ENABLE KEYS */;

-- Volcando estructura para tabla admin_cms.menus_items
CREATE TABLE IF NOT EXISTS `menus_items` (
  `id` int(11) NOT NULL AUTO_INCREMENT,
  `menu` int(11) NOT NULL,
  `title` varchar(150) DEFAULT '',
  `parent` int(11) DEFAULT '0',
  `tag_id` varchar(150) DEFAULT NULL,
  `tag_class` varchar(50) DEFAULT '',
  `tag_href` varchar(250) DEFAULT '#',
  `icon` varchar(50) DEFAULT '',
  `public` int(1) DEFAULT '0',
  `alls` int(1) DEFAULT '0',
  `guest` int(1) DEFAULT '0',
  `permision_controller` varchar(50) DEFAULT 'Usuarios',
  `permission_action` varchar(50) DEFAULT 'index',
  PRIMARY KEY (`id`),
  KEY `id` (`id`),
  KEY `FK_nodes_items_menus` (`menu`),
  CONSTRAINT `menus_items_ibfk_1` FOREIGN KEY (`menu`) REFERENCES `menus` (`id`) ON DELETE CASCADE ON UPDATE CASCADE
) ENGINE=InnoDB AUTO_INCREMENT=121 DEFAULT CHARSET=utf8 ROW_FORMAT=DYNAMIC;

-- Volcando datos para la tabla admin_cms.menus_items: ~13 rows (aproximadamente)
DELETE FROM `menus_items`;
/*!40000 ALTER TABLE `menus_items` DISABLE KEYS */;
INSERT INTO `menus_items` (`id`, `menu`, `title`, `parent`, `tag_id`, `tag_class`, `tag_href`, `icon`, `public`, `alls`, `guest`, `permision_controller`, `permission_action`) VALUES
	(2, 1, 'Landing Page Ejemplo', 0, '', '', '/index2.html', 'fa fa-inbox', 0, 0, 0, 'Sistema', 'landingpage'),
	(3, 1, 'Solicitar Servicio(s)', 0, '', '', '/micuenta/request', 'fa fa-leaf', 0, 0, 0, 'Usuarios', 'create_request'),
	(5, 1, 'Mis Solicitudes', 0, '', '', '/micuenta/requests', 'fa fa-gavel', 0, 0, 0, 'Usuarios', 'my_requests'),
	(8, 1, 'Enviar Mensaje', 0, 'compose', '', '#', 'fa fa-send', 0, 0, 0, 'Usuarios', 'compose'),
	(9, 1, 'Mis Cuentas', 0, '', '', '/index.html', 'fa fa-pie-chart', 0, 0, 0, 'Usuarios', 'my_accounts'),
	(10, 1, 'Inbox', 0, '', '', '/micuenta/inbox/', 'fa fa-inbox', 0, 0, 0, 'Usuarios', 'inbox'),
	(20, 1, 'PQRSF', 0, '', '', '#', 'fa fa-question', 1, 1, 0, 'Usuarios', 'index'),
	(30, 1, '¿Que es PQRSF?', 6, '', '', '/index.php?controller=SAC&action=pqrsf', 'fa fa-question', 1, 1, 0, 'PQRSF', 'index'),
	(40, 1, 'Enviar PQRSF', 6, '', '', '/index.php?controller=SAC&action=pqrsf_new', 'fa fa-question', 1, 1, 0, 'PQRSF', 'index'),
	(50, 1, 'PQRSF - NO', 0, '', '', '#', 'fa fa-question', 1, 0, 1, 'Usuarios', 'index'),
	(100, 1, 'Galeria de medios', 0, '', '', '#', 'fa fa-files-o', 0, 0, 0, 'Sistema', 'files'),
	(110, 1, 'Gestor de Archivos', 100, '', '', '/?controller=Media&action=index', 'fa fa-files-o', 0, 0, 0, 'Sistema', 'files'),
	(120, 1, 'Subir Archivos', 100, '', '', '/?controller=Media&action=up_file', 'fa fa-upload', 0, 0, 0, 'Sistema', 'files');
/*!40000 ALTER TABLE `menus_items` ENABLE KEYS */;

-- Volcando estructura para tabla admin_cms.nodes
CREATE TABLE IF NOT EXISTS `nodes` (
  `id` int(11) NOT NULL AUTO_INCREMENT,
  `title` varchar(250) NOT NULL,
  `subtitle` varchar(250) DEFAULT NULL,
  `path_url` mediumtext,
  `description` mediumtext,
  `type` int(11) DEFAULT NULL,
  `picture` int(11) DEFAULT NULL,
  `guests` int(1) DEFAULT '0',
  PRIMARY KEY (`id`),
  KEY `Columna 1` (`id`),
  KEY `FK_garden_pictures` (`picture`),
  KEY `FK_nodes_nodes_types` (`type`),
  CONSTRAINT `FK_garden_pictures` FOREIGN KEY (`picture`) REFERENCES `pictures` (`id`) ON DELETE SET NULL ON UPDATE CASCADE,
  CONSTRAINT `FK_nodes_nodes_types` FOREIGN KEY (`type`) REFERENCES `nodes_types` (`id`) ON DELETE SET NULL ON UPDATE CASCADE
) ENGINE=InnoDB AUTO_INCREMENT=9 DEFAULT CHARSET=utf8;

-- Volcando datos para la tabla admin_cms.nodes: ~7 rows (aproximadamente)
DELETE FROM `nodes`;
/*!40000 ALTER TABLE `nodes` DISABLE KEYS */;
INSERT INTO `nodes` (`id`, `title`, `subtitle`, `path_url`, `description`, `type`, `picture`, `guests`) VALUES
	(1, 'Página de bienvenida', 'Pruebas', '/', '<div>\r\n	<figure>\r\n		<div><img style="border-width: 0px; border-image-width: initial; line-height: inherit; max-width: 100%; height: auto;" title="logo-w-monteverde" src="https://monteverdeltda.com/wp-content/uploads/2019/03/logo-w-monteverde-280x145.png" alt="logo-w-monteverde" width="280" height="145" /></div>\r\n	</figure>\r\n</div>\r\n<div style="zoom: 0.8;">\r\n	<a rel="nofollow" href="https://www.facebook.com/monteverdeforestalyambiental/" target="_blank" class="social-icons btn btn-round btn-default" title="Facebook">\r\n		<i class="fa fa-facebook"></i>\r\n	</a>\r\n	&nbsp;\r\n	<a rel="nofollow" href="https://www.instagram.com/monteverde_ambiental/" target="_blank" class="social-icons  btn btn-round btn-default" title="Instagram">\r\n		<i class="fa fa-instagram"></i>\r\n	</a>\r\n	&nbsp;\r\n	<a rel="nofollow" href="https://www.youtube.com/channel/UCiV_IqQgD0KU0JjRDOjOjaw/" target="_blank" class="social-icons  btn btn-round btn-default" title="YouTube">\r\n		<i class="fa fa-youtube"></i>\r\n	</a>\r\n	&nbsp;\r\n	<a rel="nofollow" href="https://www.linkedin.com/company/monteverde-ltda/" target="_blank" class="social-icons  btn btn-round btn-default" title="linkedin">\r\n		<i class="fa fa-linkedin"></i>\r\n	</a>\r\n</div>\r\n<div>\r\n	<div class="list-services">\r\n		<h2>Poda y tala de &aacute;rboles</h2>\r\n		<h2>Mantenimiento de zonas verdes y jard&iacute;nes</h2>\r\n		<h2>Servicios ambientales</h2>\r\n		<h2>Dise&ntilde;o de jard&iacute;nes y paisajismo</h2>\r\n	</div>\r\n</div>\r\n<div><hr style="max-width: 40%;height: 10px;border-top-width: 2px;"></div>\r\n<div>\r\n	<div class="big-text">\r\n		<h3>CONTAMOS CON 15 A&Ntilde;OS DE EXPERIENCIA</h3>\r\n	</div>\r\n</div>\r\n<div>\r\n	<div class="big-button">\r\n		<a style="color:#FFF;" class="btn btn-primary btn-md" title="" href="/?controller=Login">INGRESAR</a>\r\n		<a id="compose" class="btn btn-success btn-md" style="color:#FFF;" title="" href="#">CONT&Aacute;CTANOS</a>\r\n	</div>\r\n</div>\r\n<style>\r\n</style>', 2, NULL, 1),
	(2, 'Login', 'Validate', '/login?redirect=index.php?controller=Login&action=validate', '', 3, NULL, 0),
	(3, 'Página principal', 'Pruebas', '/index.html', '', 5, NULL, 0),
	(5, 'Mi Cuenta', 'Bandeja de Entrada', '/micuenta/inbox/', '', 6, NULL, 0),
	(6, 'Servicio # 1', 'Subitulo del servicio', '/services/serviceOne', '<div id="lipsum"> <p> Lorem ipsum dolor sit amet, consectetur adipiscing elit. Vestibulum varius ligula felis, vel luctus erat gravida vel. Curabitur sollicitudin laoreet velit, maximus porttitor felis lobortis vel. Ut dictum sem accumsan est laoreet rutrum. Ut vitae tempor orci. Integer dolor turpis, semper nec fermentum nec, ultricies a nulla. Nam a sollicitudin odio. Maecenas eget cursus erat. Orci varius natoque penatibus et magnis dis parturient montes, nascetur ridiculus mus. Donec dignissim mattis quam, a fermentum tellus scelerisque dapibus. Orci varius natoque penatibus et magnis dis parturient montes, nascetur ridiculus mus. Aliquam erat volutpat. Curabitur velit orci, maximus quis vulputate ac, semper sit amet dolor. Quisque nunc odio, rutrum in metus ac, malesuada aliquet augue. </p> <p> Sed non sapien vel nunc molestie porta. Aliquam ut urna justo. Etiam pellentesque neque tellus, sed lacinia ligula elementum sed. Etiam at nibh quis odio luctus mollis. Integer faucibus eleifend nunc, eu efficitur odio sodales ut. Quisque purus turpis, elementum ut consectetur eget, rhoncus et metus. Nam pellentesque maximus turpis nec volutpat. Cras convallis, dolor id aliquam pretium, tellus tellus ultrices urna, non accumsan nunc nibh et nulla. Mauris magna dui, tincidunt sed dignissim id, iaculis ut metus. Integer sodales suscipit laoreet. Curabitur tempor pharetra porttitor. Praesent luctus dolor ante, in gravida lorem pharetra vitae. </p> <p> Sed hendrerit sem sem, at dictum purus malesuada quis. Quisque lectus quam, tincidunt non dolor non, sagittis convallis quam. Etiam accumsan ipsum metus, a porttitor risus rhoncus vitae. Nulla condimentum odio leo, non ornare est fringilla sed. Etiam porta mollis sem sed sodales. Sed ex justo, facilisis sed rhoncus vel, tempor in turpis. Donec est risus, tincidunt non placerat sed, auctor vulputate nunc. Sed tempor arcu in malesuada pulvinar. Praesent sollicitudin sem ante, nec dictum ipsum dictum in. Vestibulum commodo vitae velit eu tristique. Curabitur malesuada dignissim mi, tincidunt fermentum est consequat non. </p> <p> Fusce rhoncus turpis sagittis elit rutrum, id placerat arcu semper. Cras nec rhoncus enim. Pellentesque vel pulvinar tellus. Curabitur tristique venenatis bibendum. Aenean in sollicitudin ligula. Nullam finibus nibh et risus porttitor, in molestie leo convallis. Nunc convallis porttitor volutpat. Nam tincidunt urna turpis, vel scelerisque velit porttitor sit amet. Maecenas rutrum metus in ornare facilisis. Donec feugiat ex sapien, eget condimentum odio congue sit amet. Ut commodo orci et augue luctus cursus. Nunc scelerisque lorem vel sem mattis dapibus. Nulla vitae viverra eros. Suspendisse sagittis nunc sit amet dui sagittis ullamcorper. </p> <p> Mauris suscipit pharetra metus sed aliquam. Ut sem metus, vehicula vel turpis eget, tempus efficitur felis. Fusce tristique quis ex ut fringilla. Donec vitae nisi nisi. Donec in magna a dui dignissim consequat. Sed aliquam commodo nisl sit amet pharetra. Fusce eu mauris volutpat, laoreet mauris at, tincidunt nisl. Sed vitae consequat nisl. Duis eleifend orci a venenatis pulvinar. Mauris massa sapien, semper ut dui et, varius rhoncus ipsum. </p></div> <div id="generated">Generados 5 párrafos, 461 palabras, 3140 bytes de <a href="https://es.lipsum.com/" title="Lorem Ipsum">Lorem Ipsum</a></div>\r\n', 4, NULL, 0),
	(7, 'Crear Solicitud', 'Servicios', '/micuenta/request', '', 7, NULL, 0),
	(8, 'Mis Solicitudes', 'Servicios', '/micuenta/requests', NULL, 8, NULL, 0);
/*!40000 ALTER TABLE `nodes` ENABLE KEYS */;

-- Volcando estructura para tabla admin_cms.nodes_items
CREATE TABLE IF NOT EXISTS `nodes_items` (
  `id` int(11) NOT NULL AUTO_INCREMENT,
  PRIMARY KEY (`id`)
) ENGINE=InnoDB AUTO_INCREMENT=3 DEFAULT CHARSET=utf8;

-- Volcando datos para la tabla admin_cms.nodes_items: ~2 rows (aproximadamente)
DELETE FROM `nodes_items`;
/*!40000 ALTER TABLE `nodes_items` DISABLE KEYS */;
INSERT INTO `nodes_items` (`id`) VALUES
	(1),
	(2);
/*!40000 ALTER TABLE `nodes_items` ENABLE KEYS */;

-- Volcando estructura para tabla admin_cms.nodes_types
CREATE TABLE IF NOT EXISTS `nodes_types` (
  `id` int(11) NOT NULL AUTO_INCREMENT,
  `name` varchar(50) NOT NULL,
  `template` varchar(50) NOT NULL,
  `view` varchar(50) NOT NULL,
  PRIMARY KEY (`id`),
  UNIQUE KEY `name` (`name`),
  KEY `id` (`id`)
) ENGINE=InnoDB AUTO_INCREMENT=9 DEFAULT CHARSET=utf8;

-- Volcando datos para la tabla admin_cms.nodes_types: ~5 rows (aproximadamente)
DELETE FROM `nodes_types`;
/*!40000 ALTER TABLE `nodes_types` DISABLE KEYS */;
INSERT INTO `nodes_types` (`id`, `name`, `template`, `view`) VALUES
	(1, 'page', 'complete', 'pages'),
	(2, 'landingpage', 'landingpage', 'pages'),
	(3, 'validate_login', 'no_menus', 'login'),
	(4, 'landingpage_single', 'landingpage_single', 'pages'),
	(5, 'my_accounts', 'complete', 'my_accounts'),
	(6, 'my_inbox', 'complete', 'inboxUser'),
	(7, 'create_request', 'complete', 'create_request'),
	(8, 'my_requests', 'complete', 'my_requests');
/*!40000 ALTER TABLE `nodes_types` ENABLE KEYS */;

-- Volcando estructura para tabla admin_cms.options
CREATE TABLE IF NOT EXISTS `options` (
  `id` int(11) NOT NULL,
  `node` int(11) NOT NULL,
  `slug` varchar(50) NOT NULL,
  `name` varchar(250) DEFAULT NULL,
  PRIMARY KEY (`id`),
  UNIQUE KEY `slug` (`slug`),
  KEY `FK_options_nodes` (`node`),
  CONSTRAINT `FK_options_nodes` FOREIGN KEY (`node`) REFERENCES `nodes` (`id`) ON UPDATE CASCADE
) ENGINE=InnoDB DEFAULT CHARSET=utf8;

-- Volcando datos para la tabla admin_cms.options: ~0 rows (aproximadamente)
DELETE FROM `options`;
/*!40000 ALTER TABLE `options` DISABLE KEYS */;
INSERT INTO `options` (`id`, `node`, `slug`, `name`) VALUES
	(1, 1, 'principal_page', 'Principal Page'),
	(2, 6, 'home_page', 'Home Page');
/*!40000 ALTER TABLE `options` ENABLE KEYS */;

-- Volcando estructura para tabla admin_cms.permissions
CREATE TABLE IF NOT EXISTS `permissions` (
  `id` int(11) NOT NULL AUTO_INCREMENT,
  `name` varchar(50) NOT NULL,
  `data` json NOT NULL,
  PRIMARY KEY (`id`),
  KEY `id` (`id`)
) ENGINE=InnoDB AUTO_INCREMENT=5 DEFAULT CHARSET=utf8 ROW_FORMAT=DYNAMIC;

-- Volcando datos para la tabla admin_cms.permissions: ~3 rows (aproximadamente)
DELETE FROM `permissions`;
/*!40000 ALTER TABLE `permissions` DISABLE KEYS */;
INSERT INTO `permissions` (`id`, `name`, `data`) VALUES
	(1, 'Ninguno', '{}'),
	(2, 'Super usuario', '{"isAdmin": true}'),
	(3, 'Usuario Garden', '{"Garden": {"index": true, "garden_fields": true}}'),
	(4, 'Monteverde', '{"Usuarios": {"inbox": true, "compose": true, "my_accounts": true, "my_requests": true, "create_request": true}}');
/*!40000 ALTER TABLE `permissions` ENABLE KEYS */;

-- Volcando estructura para tabla admin_cms.pictures
CREATE TABLE IF NOT EXISTS `pictures` (
  `id` int(11) NOT NULL AUTO_INCREMENT,
  `name` varchar(250) DEFAULT NULL,
  `description` varchar(250) DEFAULT NULL,
  `size` int(32) NOT NULL,
  `data` mediumtext NOT NULL,
  `type` varchar(50) NOT NULL,
  `created` timestamp NULL DEFAULT CURRENT_TIMESTAMP,
  `updated` timestamp NULL DEFAULT CURRENT_TIMESTAMP ON UPDATE CURRENT_TIMESTAMP,
  PRIMARY KEY (`id`),
  KEY `id` (`id`)
) ENGINE=InnoDB AUTO_INCREMENT=2 DEFAULT CHARSET=utf8 ROW_FORMAT=COMPACT;

-- Volcando datos para la tabla admin_cms.pictures: ~0 rows (aproximadamente)
DELETE FROM `pictures`;
/*!40000 ALTER TABLE `pictures` DISABLE KEYS */;
INSERT INTO `pictures` (`id`, `name`, `description`, `size`, `data`, `type`, `created`, `updated`) VALUES
	(1, 'Default', 'Imagen predeterminada', 3400, 'data:image/png;base64,iVBORw0KGgoAAAANSUhEUgAAAWgAAAFoCAIAAAD1h/aCAAANZElEQVR42uzdu1MbZ7/AcbxeXRYhCQQWmdgzpHDjIo2LFMnf74bCDYVbMxM8QVwUEEK3ZTkT7XvyvnESjED35/MpPJ6Jj8/Lo9VXv2d3tY7v7+83ACYRWQJAOADhAIQDEA5AOACEAxAOQDgA4QCEA0A4AOEAhAMQDkA4AIQDEA5AOADhAIQDEA4A4QCEAxAOQDgA4QAQDkA4AOEAhAMQDgDhAIQDEA5AOADhABAOQDgA4QCEAxAOQDgAhAMQDkA4AOEAhANAOADhAIQDEA5AOACEAxAOQDgA4QCEA0A4AOEAhAMQDkA4AOEAEA5AOADhAIQDEA4A4QCEAxAOQDgA4QAQDkA4AOEAhAMQDoDYEoQmTdP7+/vhcJhlWZqmWZbd3d1lYxsbG3/+5i8fL2N/HC7xHwfMy5cvoyiKx6IoKhQK+X8lHC/u7++twnpnYjQapWk6HA7z3/y9C1MYXP+/I4VCoVwuS4lwsHoGg8FwOMx/TdN0MaNsHBeLxVKplP/qRREOltFoNOr3+71eL9+DLNX/tiiKisVikiT5MOLFEg4WP1zc3t72er1FTRZPmERKpdLW1pYxRDhYTC+63e6yDRcKIhwsnSzLOmOr24t/LEiSJNVqNb9kg3AwzRHj6uqq3++v8c9YLpcrY15u4cCIMfEAUq/XS6WSAUQ4kIyJ81Eqler1unwIB5IxsUqlIh/CgWTIh3AgGXPcvOT5sBTCwR96vV673V6VO7gWno96ve7Ki3AELU3Ty8vL9b7IOgtJkuzs7Ni5CEeIrq6u7E2eoz5mHYQjFIPB4OLiwt5kKjuXZrNp9BCO9ddutzudjnUweggHj5Km6fn5+XA4tBRGD+HgUTqdztXVlTMasxNFUb1er1arlkI41kGWZfl5UEsxB9VqtV6ve3ChcNieYNsiHCEZDAZnZ2e2Jwtpx+7urkcECcfq6XQ67XbbOiyQqy0zTLMlmIWrMeuw8Fchz4elMHEsuyzLfv/995ubG0uxJCqVyu7urnUQjqWuRqvVcip02RSLxWaz6VKLcCwjF1CWvB17e3sutQjH0lWj1Wr5+skyc5l2igxvquFlQjgcjnixhGPJZVl2fn7uQFytdpyfn7srTzgWyTWUVTQcDlutlnYIx2JcXl6qxuq2w329wrEAV1dX7vJaad1u1929wjHvajjm1uN19LgD4ZiT/N9/tg7rod1uDwYD6yAcs5Wm6cXFhXVYJ2dnZ66LCccM5V9FcZCt38vqAq1wzHZLrBpraTgc2n4Kx0zk/7ardfD6IhyPlaapTyQTJcIxGTcahiA/2WEdhMMHEZNxR6lw2KTwFJ1Ox50dwjGFTYpFCI1bdYTDJgVjpnA4epjXhsVnhnA8hZNkIcuy7PLy0joIx2S63W6v17MOIev3+44B4ZiMTQr51On+HeGYoBr2t+TnudyHLhyPPVa63a51INfpdAwdwmHcYDJZlhk6hMO4gaFDOGYwblgEDB3CYdzA0CEcxg0MHcKxVOOG70Ri6BCOyQwGAxdTMHQIh30K0x86LIJw/Fe32zVu8Jihw35WOP7LvwKLyVQ4JuO0KI/X7/edIhUOG1ccMMLxJJ65gHAIx8STp9OiTMQpUuHYcI85plThmJiPDp7AZbjIPsXbALsV4bBPwW5FOOxTWEq3t7fCEaLhcGifwpOlaTocDoXDuAEOIeEwajJjIZ/mCDcco9HIoc8zd7vCERZfVeL5Qr4oGxk3wNAhHI+dOBz0OJCEw8SBA0k4Zrw1dQcHU5GOCYd9KTichOOfuPWLKbq7uxMOHxHgcBIOHxHMWJjnR0MMhzOjOJyEYzLZmMOdKR5RAbYjsiOF57dDONbc/f29A53pCvA0R2RHCiYO4RAO5i3A63SRDwcQjknFJo4l2SQfHx9fjm1sbNRqtYODg9evXwd+4mBV1iTAcLwI7WTh6enpst1y3uv1Dg8P//4cuiRJfvrppyRJAqzGaq1JsVj87rvvbFVMlXP1j++QP988Yd6YuFpr4uQo83ZycvLAM297vd7x8bE1sSbC4cPhLz5//vzwH8h3+EFZuTUxcQjHvHU6HeFY9TURDgDhWHqNRuPhP1CtVq2JNREOJnuT/PDDD9bEmggHX78HHrgrIUmSAG8DsybCwTfEcfxvdzTlNztZE2uyhIK7c/TXX39dznPgJycnnz9/zi8oNMYODg4KhULIR+eqrEkURW/evBGOdfbly5fQviDb6/WOjo6ur6/TNG02m+/evZvuLduz/vtXYkT6/vvvhUM41qoaHz58+N8fOY7jX375ZVrv7Vn//cLhHMeyTJVB/byfPn36KpRpmv7bN0GeUI3Dw8O///1HR0ehTRzBvY9C+4FfvHgR1M/barX+7Q3/zHY88JdcX19vIBw+HNbv531mOx7+Pw/tLNLLly+Fw1ZlrdRqtYff/CcnJ0+YYj58+PBAdJrNpnAIh4ljhf34448P/Mj5BZGjo6NHjh6Xl5eHh4cfP358YKaI4/jdu3fCseZb/tCuqnS73YuLi6B+5Far9fHjx2/+sUaj0Ww2a7VaMva/cen1etfX161W6zFfS33//n1oE8fe3t7m5qZwrLPhcPjbb7+F9vlwfHz86dOnOfw/ejsW2vLu7++XSiVbFec41s3BwcEc3s9hVmNjYyPAG3yDu/4cx3EURQE+eeXt27dJkszoDov8vEaY3z2LxoQjiHaE+S/Ivn79utFoTOvurz8lSfL+/ftgn5ER4N1fgX47NuRvjuXfLp3iaHBwcPDzzz+H/GSdAC+phHhyNH+kZbvd3ghbfiH2OQ/vbDQab9++/eZDd9ZefUw4gnjPnJ2dbTC+L+Pk5OT09PTx93rGcby/v5/veixgmJdUAg1HmqZfvnxxxH9VkNxoNOr1el9927VQKFSr1SRJ9vf3q9Vq4E8J+cqbN2+cHA3jZx7zz9Z/te8wQTztWArzAn+gjw70mYkDSTgmVi6XHfQ4kITDBwULUCwWhSOsD4owt6ZM880TRQFeTwk6HIYOjBvC8RShfQ+aqQvtYe7C8Ydgh0wcQsLxrDkzzK8nMRVxHNuqGDXBuCEcwsGMbW1tCUegXJTlyfsUE0fQKpWKtwH2KcJht4J9inDYrWCfIhxLKOTH3vEEbh0UDuHAPkU4nrYEAX9ViSfsbd03KBz/EeDDZrFPEY4pfIw4Rco3xXFsnyIcf+FMB99Uq9UsgnB8HQ5DBw+PG544KRx/W4goMnTwgFKp5LSocBg6mIwz6MJh6GAylUrFuCEchg6MG8Jh6MC4IRyGDpZHHMfGDeEwdGDcEI6ZDR2OFYwbwjHx0LG9vW0dcKuocExmc3PTV2YdA76ZIhwT293ddZY0ZKZO4Xji/tZZ0mDV63XnuYTD0cNknxnOiQrHszQaDYsQmmazaRGE41nK5bINizET4ZjYzs5OoVCwDjYpCMdkXr165QrL+r8ZosgmRTim/EHkXiCbFIRjYrVazckOry/C8ZRPJCc7TJQIx8R7YCc71rIazWbTyyocsz3I9vb2rMM6aTQaTm0Ix8yVy2XfYlin7ad/9EA45qRWq7navx7V8DoKx7yPuUqlYh1W19bWlmoIxwK4o3R1FYtF30ISjgWtXRTt7+9rxypWwx2iwrHgdrx69co5+RWSXxdz8VU4Fn8gNptN7fBiCQcORy8TD3lxf39vFaYiTdOzs7PRaGQpllCxWNzb21MN4VhGWZadnp5qxxJWw03lwrHsLi4uut2udVgSW1tb29vbqiEcK+BqzDosnHtDZ8SWb1bHa54PS7FAOzs7HrFh4lg9/X7/8vIyTVNLMWdRFO3t7fn2mnCsqjRNW62WdsyTCyjCsQ6yLLu6uup0OpZiDmpjToUKx5q4HsuyzFLMbntSr9ed1BAO2xZsT4SDMVdqZ7E98Uw24TB68FhxHDcaDVdPhMPowaNEUVStVt3cJRyBjh7tdrvX61mKiZTLZY8mF47Q3dzcXF9f27k8cm+yvb29ublpKYSD/+xcut2ufDy8N6lWq+7REA6+3rnk+bAUkiEcyIdkCAdzzMdgMAhz8yIZwsGz8tHv94M6dSoZwsHU3NzcdLvdwWCwxj9juVyu1Wru5hIOpj+AdDqdXq+3TgOIEUM4mJN+v58PIKtbkCiKKpVKkiRGDOFAQb4hjuNkTC+Eg8UbDoeDweD29nY0Gi3bUz+iKCoWi0mSlEqlYrHoxRIOlnQMGY1G+a+LmkTiOC4UCuVyOf/ViyIcrJIsy/JhZDgc3t3dpWk6i3kkiqK8FMVi8eXLl8Vi0TfQhIM1TEmWZX92JJ9K7u7u8v/697JEY/lvXrx4EcdxXoooigqFQv57CyscAA/OmJYAEA5AOADhAIQDEA4A4QCEAxAOQDgA4QAQDkA4AOEAhAMQDgDhAIQDEA5AOADhAIQDQDgA4QCEAxAOQDgAhAMQDkA4AOEAhANAOADhAIQDEA5AOACEAxAOQDgA4QCEAxAOAOEAhAMQDkA4AOEAEA5AOADhAIQDEA4A4QCEAxAOQDgA4QAQDkA4AOEAhAMQDkA4AIQDEA5AOADhAIQDQDgA4QCEAxAOQDgAhAMQDkA4AOEAhAPg/wIAAP//ojVlf+86px8AAAAASUVORK5CYII=', 'image/png', '2019-08-21 20:06:04', '2019-08-21 20:19:14');
/*!40000 ALTER TABLE `pictures` ENABLE KEYS */;

-- Volcando estructura para tabla admin_cms.requests
CREATE TABLE IF NOT EXISTS `requests` (
  `id` int(11) NOT NULL AUTO_INCREMENT,
  `type` int(11) NOT NULL,
  `identification_type` int(11) NOT NULL,
  `identification_number` varchar(50) NOT NULL,
  `names` varchar(50) NOT NULL,
  `surname` varchar(50) NOT NULL,
  `department` int(11) NOT NULL,
  `city` int(11) NOT NULL,
  `address` text NOT NULL,
  `points_reference` text,
  `email` varchar(250) NOT NULL,
  `phone` varchar(50) NOT NULL,
  `mobile` varchar(50) NOT NULL,
  `request` varchar(1000) NOT NULL,
  `status` int(1) DEFAULT '1',
  `created` datetime DEFAULT CURRENT_TIMESTAMP,
  `updated` datetime DEFAULT CURRENT_TIMESTAMP ON UPDATE CURRENT_TIMESTAMP,
  PRIMARY KEY (`id`),
  KEY `id` (`id`),
  KEY `FK_requests_requests_types` (`type`),
  KEY `FK_requests_identifications_types` (`identification_type`),
  KEY `FK_requests_geo_departments` (`department`),
  KEY `FK_requests_geo_citys` (`city`),
  KEY `FK_requests_requests_status` (`status`),
  CONSTRAINT `FK_requests_geo_citys` FOREIGN KEY (`city`) REFERENCES `geo_citys` (`id`) ON UPDATE CASCADE,
  CONSTRAINT `FK_requests_geo_departments` FOREIGN KEY (`department`) REFERENCES `geo_departments` (`id`) ON UPDATE CASCADE,
  CONSTRAINT `FK_requests_identifications_types` FOREIGN KEY (`identification_type`) REFERENCES `identifications_types` (`id`) ON UPDATE CASCADE,
  CONSTRAINT `FK_requests_requests_status` FOREIGN KEY (`status`) REFERENCES `requests_status` (`id`) ON UPDATE CASCADE,
  CONSTRAINT `FK_requests_requests_types` FOREIGN KEY (`type`) REFERENCES `requests_types` (`id`) ON UPDATE CASCADE
) ENGINE=InnoDB AUTO_INCREMENT=2 DEFAULT CHARSET=utf8mb4;

-- Volcando datos para la tabla admin_cms.requests: ~0 rows (aproximadamente)
DELETE FROM `requests`;
/*!40000 ALTER TABLE `requests` DISABLE KEYS */;
INSERT INTO `requests` (`id`, `type`, `identification_type`, `identification_number`, `names`, `surname`, `department`, `city`, `address`, `points_reference`, `email`, `phone`, `mobile`, `request`, `status`, `created`, `updated`) VALUES
	(1, 3, 1, '1035429360', 'Andrés Felipe', 'Gomez', 2, 437, 'mi dirección o direcciones', '', 'andres.gomez@monteverdeltda.com', '+(57) 4 274 5000', '+(57) 300 547 3082', 'mis servicios solicitados', 1, '2019-08-25 12:41:50', '2019-08-25 13:07:50');
/*!40000 ALTER TABLE `requests` ENABLE KEYS */;

-- Volcando estructura para tabla admin_cms.requests_status
CREATE TABLE IF NOT EXISTS `requests_status` (
  `id` int(11) NOT NULL AUTO_INCREMENT,
  `name` varchar(50) NOT NULL,
  `progress` float NOT NULL,
  `close` int(1) NOT NULL DEFAULT '0',
  PRIMARY KEY (`id`),
  KEY `id` (`id`)
) ENGINE=InnoDB AUTO_INCREMENT=4 DEFAULT CHARSET=utf8mb4;

-- Volcando datos para la tabla admin_cms.requests_status: ~3 rows (aproximadamente)
DELETE FROM `requests_status`;
/*!40000 ALTER TABLE `requests_status` DISABLE KEYS */;
INSERT INTO `requests_status` (`id`, `name`, `progress`, `close`) VALUES
	(1, 'Generada', 25, 0),
	(2, 'En progreso', 65, 0),
	(3, 'Completada', 100, 1);
/*!40000 ALTER TABLE `requests_status` ENABLE KEYS */;

-- Volcando estructura para tabla admin_cms.requests_team
CREATE TABLE IF NOT EXISTS `requests_team` (
  `id` int(11) NOT NULL AUTO_INCREMENT,
  `request` int(11) NOT NULL,
  `user` int(11) NOT NULL,
  PRIMARY KEY (`id`),
  KEY `id` (`id`),
  KEY `FK_requests_team_requests` (`request`),
  KEY `FK_requests_team_users` (`user`),
  CONSTRAINT `FK_requests_team_requests` FOREIGN KEY (`request`) REFERENCES `requests` (`id`) ON DELETE CASCADE ON UPDATE CASCADE,
  CONSTRAINT `FK_requests_team_users` FOREIGN KEY (`user`) REFERENCES `users` (`id`) ON DELETE CASCADE ON UPDATE CASCADE
) ENGINE=InnoDB DEFAULT CHARSET=utf8mb4;

-- Volcando datos para la tabla admin_cms.requests_team: ~0 rows (aproximadamente)
DELETE FROM `requests_team`;
/*!40000 ALTER TABLE `requests_team` DISABLE KEYS */;
/*!40000 ALTER TABLE `requests_team` ENABLE KEYS */;

-- Volcando estructura para tabla admin_cms.requests_types
CREATE TABLE IF NOT EXISTS `requests_types` (
  `id` int(11) NOT NULL AUTO_INCREMENT,
  `title` varchar(50) NOT NULL,
  `subtitle` varchar(50) DEFAULT NULL,
  `description` text NOT NULL,
  `highlight` int(1) DEFAULT '0',
  PRIMARY KEY (`id`),
  KEY `id` (`id`)
) ENGINE=InnoDB AUTO_INCREMENT=5 DEFAULT CHARSET=utf8mb4;

-- Volcando datos para la tabla admin_cms.requests_types: ~3 rows (aproximadamente)
DELETE FROM `requests_types`;
/*!40000 ALTER TABLE `requests_types` DISABLE KEYS */;
INSERT INTO `requests_types` (`id`, `title`, `subtitle`, `description`, `highlight`) VALUES
	(1, 'ALFA', NULL, '<div class="">\r\n										<div class="pricing_features">\r\n											<ul class="list-unstyled text-left">\r\n												<li><i class="fa fa-check text-success"></i> Servicios para <strong> tu hogar</strong></li>\r\n												<li><i class="fa fa-check text-success"></i> Servicios para <strong> tu finca</strong></li>\r\n												<li><i class="fa fa-check text-success"></i> Servicios para <strong> tu jardin</strong></li>\r\n												<li><i class="fa fa-check text-success"></i> Regalos para <strong> tus familiares</strong></li>\r\n												<li><i class="fa fa-check text-success"></i> Regalos para <strong> tus amig@s</strong></li>\r\n											</ul>\r\n										</div>\r\n									</div>', 1),
	(2, 'BETA', 'Autorizado', '<div class="">\r\n										<div class="pricing_features">\r\n											<ul class="list-unstyled text-left">\r\n												<li><i class="fa fa-check text-success"></i> Servicios para <strong> tu empresa</strong></li>\r\n												<li><i class="fa fa-check text-success"></i> Mejora <strong> tu empresa</strong></li>\r\n												<li><i class="fa fa-check text-success"></i> Regalos para <strong> tus empleados</strong></li>\r\n												<li><i class="fa fa-check text-success"></i> Regalos para <strong> tus clientes</strong></li>\r\n											</ul>\r\n										</div>\r\n									</div>', 1),
	(3, 'GAMMA', 'Administrador', '<div class="">\r\n										<div class="pricing_features">\r\n											<ul class="list-unstyled text-left">\r\n												<li><i class="fa fa-check text-success"></i> Edificio</li>\r\n												<li><i class="fa fa-check text-success"></i> Urbanización</li>\r\n												<li><i class="fa fa-check text-success"></i> Condominio</li>\r\n												<li><i class="fa fa-check text-success"></i> Propiedad Horizontal</li>\r\n												<li><i class="fa fa-check text-success"></i> <strong>Etc</strong></li>\r\n											</ul>\r\n										</div>\r\n									</div>', 1),
	(4, 'DELTA', 'A Medida', '<div class="">\r\n										<div class="pricing_features">\r\n											<ul class="list-unstyled text-left">\r\n												<li><i class="fa fa-check text-success"></i> Licitaciones</li>\r\n												<li><i class="fa fa-check text-success"></i> Peticiones Especiales</li>\r\n												<li><i class="fa fa-check text-success"></i> Servicios Multiples</li>\r\n												<li><i class="fa fa-check text-success"></i> Servicios con requerimientos especiales</li>\r\n											</ul>\r\n										</div>\r\n									</div>', 0);
/*!40000 ALTER TABLE `requests_types` ENABLE KEYS */;

-- Volcando estructura para tabla admin_cms.users
CREATE TABLE IF NOT EXISTS `users` (
  `id` int(11) NOT NULL AUTO_INCREMENT,
  `username` varchar(50) NOT NULL,
  `names` varchar(50) DEFAULT NULL,
  `surname` varchar(50) DEFAULT NULL,
  `phone` varchar(50) DEFAULT NULL,
  `mobile` varchar(50) DEFAULT NULL,
  `email` varchar(150) NOT NULL,
  `password` mediumtext NOT NULL,
  `permissions` int(11) DEFAULT NULL,
  `avatar` int(11) DEFAULT NULL,
  `registered` datetime DEFAULT CURRENT_TIMESTAMP,
  `updated` datetime DEFAULT CURRENT_TIMESTAMP ON UPDATE CURRENT_TIMESTAMP,
  `last_connection` datetime DEFAULT CURRENT_TIMESTAMP ON UPDATE CURRENT_TIMESTAMP,
  PRIMARY KEY (`id`),
  UNIQUE KEY `UNIQUE_username` (`username`),
  UNIQUE KEY `email` (`email`),
  KEY `id` (`id`),
  KEY `FK_username` (`username`),
  KEY `FK_users_login_permissions` (`permissions`),
  KEY `email_key` (`email`),
  KEY `FK_users_pictures` (`avatar`),
  CONSTRAINT `FK_users_login_permissions` FOREIGN KEY (`permissions`) REFERENCES `permissions` (`id`) ON DELETE SET NULL ON UPDATE CASCADE,
  CONSTRAINT `FK_users_pictures` FOREIGN KEY (`avatar`) REFERENCES `pictures` (`id`) ON DELETE SET NULL ON UPDATE CASCADE
) ENGINE=InnoDB AUTO_INCREMENT=9 DEFAULT CHARSET=utf8 ROW_FORMAT=DYNAMIC;

-- Volcando datos para la tabla admin_cms.users: ~2 rows (aproximadamente)
DELETE FROM `users`;
/*!40000 ALTER TABLE `users` DISABLE KEYS */;
INSERT INTO `users` (`id`, `username`, `names`, `surname`, `phone`, `mobile`, `email`, `password`, `permissions`, `avatar`, `registered`, `updated`, `last_connection`) VALUES
	(1, 'admin', 'Andres Felipe', 'Gomez Maya', '1035429360', '3005473082', 'feliphegomez@gmail.com', '$2y$10$bl1z37gl/EPFZgOEORYw4.TyR4j4DH/TdVXHU1.5ckIbtX93B3qgS', 2, NULL, '2019-07-22 12:36:54', '2019-08-12 15:10:04', '2019-08-12 15:10:04'),
	(8, 'feliphegomez', 'Andrés Felipe', 'Gomez', '+(57) 4 274 5000', '+(57) 300 547 3082', 'andres.gomez@monteverdeltda.com', '$2y$10$zDpXHpzcMU/NbudsLp7PROb9TaNa7OyHqh/dxnX7PR0KeAJ6Oesvm', 4, NULL, '2019-08-12 13:38:19', '2019-08-24 11:15:43', '2019-08-24 11:15:43');
/*!40000 ALTER TABLE `users` ENABLE KEYS */;

-- Volcando estructura para tabla admin_cms.users_requests
CREATE TABLE IF NOT EXISTS `users_requests` (
  `id` int(11) NOT NULL AUTO_INCREMENT,
  `user` int(11) DEFAULT NULL,
  `request` int(11) NOT NULL,
  PRIMARY KEY (`id`),
  KEY `id` (`id`),
  KEY `FK_users_requests_users` (`user`),
  KEY `FK_users_requests_requests` (`request`),
  CONSTRAINT `FK_users_requests_requests` FOREIGN KEY (`request`) REFERENCES `requests` (`id`) ON UPDATE CASCADE,
  CONSTRAINT `FK_users_requests_users` FOREIGN KEY (`user`) REFERENCES `users` (`id`) ON DELETE SET NULL ON UPDATE CASCADE
) ENGINE=InnoDB AUTO_INCREMENT=2 DEFAULT CHARSET=utf8mb4;

-- Volcando datos para la tabla admin_cms.users_requests: ~0 rows (aproximadamente)
DELETE FROM `users_requests`;
/*!40000 ALTER TABLE `users_requests` DISABLE KEYS */;
INSERT INTO `users_requests` (`id`, `user`, `request`) VALUES
	(1, 8, 1);
/*!40000 ALTER TABLE `users_requests` ENABLE KEYS */;

/*!40101 SET SQL_MODE=IFNULL(@OLD_SQL_MODE, '') */;
/*!40014 SET FOREIGN_KEY_CHECKS=IF(@OLD_FOREIGN_KEY_CHECKS IS NULL, 1, @OLD_FOREIGN_KEY_CHECKS) */;
/*!40101 SET CHARACTER_SET_CLIENT=@OLD_CHARACTER_SET_CLIENT */;
